,Unnamed: 0,parl,id,date,speaker,text,token_count,topic_id,topic_name,topic_representation,topic_probability
1010,1161,bt,sp20_6149,2022-05-11, René Springer,"Sie verlegt den Schwerpunkt der deutschen Beteiligung von Mali in den Nachbarstaat Niger – nach Zahlen der Vereinten Nationen das am wenigsten entwickelte Land der Welt und zugleich doch reich. Es ist nämlich reich an Uran. Es ist die sechstgrößte Uranfördernation der Welt. Seit 1971 wird das Uranvorkommen in Niger von französischen Staatskonzernen ausgebeutet. Aktuell importiert Frankreich ein Viertel seines Urans aus Niger, um den Durst und den Hunger der heimischen Atomkraftwerke zu stillen. Aber dieser Uranabbau hat eben auch seine Folgen; denn die Abbaugebiete überziehen das Land der Tuareg fast vollständig und erzeugen dort Widerstand. Es kommt zu massiver Umweltverschmutzung, zu Krankheiten, zu verstrahltem Brunnenwasser und vor allem auch zu Austrocknung und Ausdörrung. Und wenn Frau Baerbock sich aus Niger zuschalten lässt und sagt, das liege an der Klimakrise, dann sagt sie nur die halbe Wahrheit.",137,0,0_deutschland_co2_energiewende_kernenergie,"['deutschland', 'co2', 'energiewende', 'kernenergie', 'gas', 'kernkraftwerke', 'kohlekraftwerke', 'emissionen', 'grüne', 'gigawatt']",1.0
1872,2131,ep,eu9_40199,2021-10-06,Guido Reil,"Frau Präsidentin, liebe Kolleginnen und Kollegen! Wir sprechen heute über ein völlig neues Phänomen: über Energiearmut. Vollkommen zu Recht: Wir erleben gerade, dass die Kraftstoff- und Heizkosten explodieren. Im letzten Winter waren 30 Millionen Europäer in kalten Wohnungen, und für diesen Winter steht uns noch Schlimmeres bevor. Und was will die EU tun? Sie will wieder einmal über einen Fonds Hunderte von Milliarden an die Bedürftigen verteilen – Geld, das natürlich wieder erzeugt wird, um die Probleme zu lösen, die sie selbst geschaffen hat. Denn es ist der Green Deal. Der Green Deal ist verantwortlich für die Probleme. Und was wir jetzt erleben, ist nur die Spitze des Eisbergs. Die Tonne CO2 wird jetzt gerade mal mit 25 Euro bepreist. Wenn wir die Ziele umsetzen wollen, müssen es mindestens 150 Euro sein. Das wird zu einer Explosion der Preise führen. Deswegen in aller Deutlichkeit: Der Green Deal ist das Ende des sozialen Friedens und des Wohlstands in Europa.",158,-1,-1_euro_energiewende_co2_deutschland,"['euro', 'energiewende', 'co2', 'deutschland', 'milliarden euro', 'bürger', 'bundesregierung', 'politik', 'präsidentin', 'klima']",0.0
1101,1252,bt,sp20_8573,2023-11-30,Dr. Michael Espendiller,"Sehr geehrter Herr Präsident! Sehr geehrte Kollegen! Liebe Zuschauer im Saal und bei Youtube! Die Fraktion Die Linke will die Schuldenbremse in den Jahren 2023 und 2024 aussetzen. Die SPD möchte das auch, genauso wie die Grünen. Und alle drei Parteien sind ebenfalls der Auffassung, dass die Schuldenbremse nicht mehr in die Zeit passt bzw. abgeschafft gehört. Dazu sagt die AfD klar und deutlich: Nein, die Schuldenbremse bleibt. Sie alle hier haben die Bürger dieses Landes jahrzehntelang finanziell wie Zitronen bis auf den letzten Tropfen ausgepresst. Sie unterhalten eine Armee von Finanzbeamten, die Ihnen dabei hilft, den Leuten noch den letzten Cent aus der Tasche zu ziehen. Überall wird einfach alles doppelt und dreifach besteuert. Sie gehen einkaufen: Zack, 19 Prozent Mehrwertsteuer gehen an den Fiskus. Sie gehen tanken: Zack, Sie zahlen die Erdölvorratsabgabe, Energiesteuer, CO2-Steuer, und dann auf das alles noch mal Mehrwertsteuer.",144,-1,-1_euro_energiewende_co2_deutschland,"['euro', 'energiewende', 'co2', 'deutschland', 'milliarden euro', 'bürger', 'bundesregierung', 'politik', 'präsidentin', 'klima']",0.0
151,151,bt,sp19_813,2018-11-20,Heiko Wildberg,"Sehr geehrter Herr Präsident! Werte Kolleginnen und Kollegen! Der Haushalt des Umweltministeriums, der 2,3 Milliarden Euro schwere Einzelplan 16, wirft aus unserer Sicht viele Fragen auf. Die wichtigste davon betrifft die Finanzierung der Klimapolitik. Warum verschwenden wir letztlich Hunderte von Milliarden Euro, die gar nicht alle im Haushalt etatisiert sind? Warum verschwenden wir Hunderte Milliarden Euro an Steuern und Abgaben für eine Fantasie, ja eine Zwangsvorstellung von einem grünen Klimaparadies in einem Industriestaat? Eine trügerische Verheißung, die niemand je erleben wird. Es gibt außer ein paar vagen theoretischen Klimamodellen immer noch keinen wissenschaftlichen Beweis für die menschengemachte Klimaerwärmung. Die Bundesregierung ist nicht einmal in der Lage, anzugeben, wie hoch die vorindustrielle globale Durchschnittstemperatur sein soll, auf die sich unsere Klimaziele beziehen.",121,-1,-1_euro_energiewende_co2_deutschland,"['euro', 'energiewende', 'co2', 'deutschland', 'milliarden euro', 'bürger', 'bundesregierung', 'politik', 'präsidentin', 'klima']",0.0
1422,1573,bt,sp20_16851,2023-01-19,Dr. Rainer Kraft,"Ihre Unwissenheit verzerrt dabei auch Ihre Wahrnehmung. Sie sehen einen Braunkohletagebau, der wegmuss; wir sehen eine Wiege des Wohlstands. Sie sehen ein Kernkraftwerk, dessen Prinzip Sie nie verstanden haben; wir sehen einen Tempel der Moderne. Sie sehen ein Chemiewerk, von dem Sie sich bedroht fühlen; wir sehen eine Kathedrale des Fortschritts. Das Papier zur Nachhaltigkeit spricht von Nachhaltigkeit; aber das Handeln der Regierung spricht eine ganz andere Sprache. Folglich ist die Politik dieser Regierung nicht nachhaltig, und sie ist es zum Schaden des deutschen Volkes.",85,2,2_klimawandel_klima_klimawandels_wissenschaftler,"['klimawandel', 'klima', 'klimawandels', 'wissenschaftler', 'menschengemacht', 'erwärmung', 'hypothese', 'natürlich', 'millionen jahren', 'klimakatastrophe']",0.6050015987462962
1570,1829,bt,sp20_22417,2024-06-06,Carolin Bachmann,"Kehren wir die Migrationspolitik um, und starten wir endlich mit den Rückführungen von gewaltbereiten Islamisten und schaffen so sichere Räume für die Einheimischen in unseren Städten und Gemeinden. Vorfälle wie in Mannheim und Massenvergewaltigung müssen endlich aufhören, Herr Kollege! Stoppen wir die Energiewende und setzen auf kostengünstige Freiheitsenergien wie Kernkraft und Gas. Schaffen wir gemeinsam bessere Beteiligungsformen durch Volksabstimmungen und Bürgerentscheide, eine Mitmachpolitik vor Ort. Und statten wir die Kommunen endlich mit den Finanzmitteln aus, die ihnen die Selbstverwaltung ermöglichen, –",81,-1,-1_euro_energiewende_co2_deutschland,"['euro', 'energiewende', 'co2', 'deutschland', 'milliarden euro', 'bürger', 'bundesregierung', 'politik', 'präsidentin', 'klima']",0.0
698,741,bt,sp19_188,2021-06-24 00:00:00,Leif-Erik Holm,"Ihre Kanzlerkandidatin Baerbock meinte ja vorhin, klimagerechter Wohlstand wäre der soziale Kitt für Europa. All Ihre utopischen Programme kosten nämlich unheimlich viel Geld, das alle Bürger werden aufbringen müssen. Und dieses Programm hier soll ja auch schon wieder eine halbe Billion Euro kosten. Wir sind laut Leopoldina schon bei Gesamtkosten von 7,5 Billionen Euro für die Energiewende. Also, der Steuerzahler darf weiter zittern, ebenso der Autofahrer: Die 16 Cent mehr pro Liter Sprit dürften nur der Anfang sein. Die Ex- und Importwirtschaft wird mit der Einführung von CO2-Zöllen neue Schwierigkeiten bekommen. Aber die beste Idee ist ja, dass Sie den Strompreis über den massiven Ausbau der erneuerbaren Energien senken wollen. Ja, das wird mit dem Börsenstrompreis funktionieren, wenn das Angebot stark genug ist, also Wind weht, Sonne scheint usw. Aber genau das bedeutet eben auch mehr Subventionen für die Betreiber der Anlagen. Und diese Subventionen, wer bezahlt die am Ende?",150,-1,-1_euro_energiewende_co2_deutschland,"['euro', 'energiewende', 'co2', 'deutschland', 'milliarden euro', 'bürger', 'bundesregierung', 'politik', 'präsidentin', 'klima']",0.0
1503,1762,bt,sp20_20554,2024-09-26,Jan Wenzel Schmidt,"Statt unserer gebeutelten Wirtschaft unter die Arme zu greifen, wollen Sie lieber noch mehr Subventionen für Ihre Elektromobilität verschwenden. Sehen Sie es ein: Die Deutschen wollen mehrheitlich keine Elektroautos. Schon die bisherigen Subventionen haben nicht den gewünschten Erfolg erbracht. Weitere werden auch nicht helfen. Ohne Ihre ideologische Politik und ohne die Staatshörigkeit der Managerebene wäre VW nicht ins Wanken gekommen. Verbrennerautos statt E-Autos, das hätte unsere Schlüsselindustrie auch die nächsten Jahrzehnte gut überstehen lassen. Während der deutsche Steuerzahler dank Ihrer wirkungslosen Sanktionspolitik unter der Inflation leidet, wollen Sie das Steuergeld für noch mehr Windräder verpulvern. Auch hier zeigt sich, dass Ihre Energiewende gescheitert ist. Alle Windkraftanlagen in Deutschland haben im Jahr 2023 etwa 140 Terawattstunden Strom produziert, und das auch nur, wenn Wind weht und nicht zu viel Wind weht.",130,3,3_autoindustrie_synthetische kraftstoffe_elektromobilität_emissionen,"['autoindustrie', 'synthetische kraftstoffe', 'elektromobilität', 'emissionen', 'co2 emissionen', 'sogenannten verkehrswende', 'elektroautos', 'ideologische verkehrswende', 'verbrennungsmotoren', 'fahrzeuge']",0.3109875128726429
1200,1351,bt,sp20_10389,2023-09-29,Enrico Komning,"Im Geleitwort zu seinem Jahreswirtschaftsbericht 2022 schrieb Robert Habeck wörtlich – ich zitiere mit Erlaubnis der Präsidentin –: „Wir dürfen kein Wirtschaften mehr fördern, das zu fossilem Energieverbrauch, Umweltzerstörung und sozialer Ungerechtigkeit beiträgt.“ Zitat Ende. – Ein klassisches Scheunentor für links-grüne Willkür, ganz nach dem Motto: Was der Bundesregierung nicht in den ideologischen Kram passt, wird nicht gefördert. – Der Leidtragende einer solchen Politik ist – wie sollte es anders sein? – der Mittelstand. Nichtsdestotrotz ist der Bundesminister schon munter dabei, die Förderinstrumente im Sinne seiner ökosozialistischen Transformation umzubauen. Entsprechend lesen sich die Kriterien inzwischen fast aller Ihrer Förderprogramme, egal ob ZIM oder die Programme „Innovationskompetenz Ost“ und „Industrielle Gemeinschaftsforschung“. Es geht nur noch um Dekarbonisierung, Klimaschutz oder Treibhausgasneutralität.",125,-1,-1_euro_energiewende_co2_deutschland,"['euro', 'energiewende', 'co2', 'deutschland', 'milliarden euro', 'bürger', 'bundesregierung', 'politik', 'präsidentin', 'klima']",0.0
846,997,bt,sp20_2406,2022-09-30, Matthias Moosdorf,"Da träumen die, denen man hier beim Denken zuschauen kann, von Elektromobilität obendrauf, von Wasserstofftechnik, deren Wirkungsgrad so gering ist, dass sie mit Strompreisen über 5 Cent unrentabel wird. Meine Damen und Herren, in diese Energiewende wurde bisher fast 1 Billion Euro gegeben, und das Resultat ist nun, dass wir frieren sollen, stinken und trotzdem noch verarmen. Euro und Konsumklima fallen ins Bodenlose, Erzeugerpreise und Inflation sind auf einem Allzeithoch.",70,0,0_deutschland_co2_energiewende_kernenergie,"['deutschland', 'co2', 'energiewende', 'kernenergie', 'gas', 'kernkraftwerke', 'kohlekraftwerke', 'emissionen', 'grüne', 'gigawatt']",0.922327955612024
439,439,bt,sp19_2475,2019-12-19,Marc Jongen,"Sie nennen die Klimadebatte als ein Beispiel, wo sich Wissenschaftler eindrucksvoll eingemischt und wegweisende Impulse geliefert hätten. Auch Ihr Antrag nennt jetzt wieder den Kampf gegen sogenannte Fake News als einen wichtigen Aspekt der Wissenschaftskommunikation; Herr Kaufmann hat es hier heute wieder unterstrichen. Aber kaum eine Debatte ist doch derart von milliardenschweren Interessen überlagert und Verzerrungen durch politisch interessierte Gruppen ausgesetzt wie die um den menschengemachten Klimawandel. Der Begriff des „Klimaleugners“, der mehr an einen religiösen Häretiker als an einen wissenschaftlich Andersdenkenden erinnert, zeigt das doch in greller Schärfe. Manche wollen den Klimaleugner, der lediglich eine abweichende Theorie zur Rolle des CO",104,2,2_klimawandel_klima_klimawandels_wissenschaftler,"['klimawandel', 'klima', 'klimawandels', 'wissenschaftler', 'menschengemacht', 'erwärmung', 'hypothese', 'natürlich', 'millionen jahren', 'klimakatastrophe']",0.6778712548587537
1356,1507,bt,sp20_14510,2023-04-20, Steffen Kotré,"Betrachten wir die Sache mal soziologisch, sozusagen von oben: Soziologisch gesehen haben wir es mit einem Nihilismus zu tun, mit einer Dekonstruktion. Zwar formuliert es der Minister für Abwirtschaft und Energievermeidung Habeck positiv – er sagt, er möchte das Klima schützen –, doch tatsächlich, wie wir hier sehen, zerstört er mit seinem Handeln. Die Liste der ökosozialistischen Zerstörungswut wird ja auch immer länger: erst die massive Schädigung unserer Stromversorgung und die Zerstörung der Kernkraftwerke, das Außerlandestreiben der energieintensiven Industrie, die Einschränkung des individuellen Autoverkehrs durch teure E-Autos nur für Besserverdiener, die Strangulierung des Mittelstandes, der Austausch von Fachkräften durch kulturfremde Sozialhilfeempfänger, dann Enteignungen und der Heizhammer mit der Zerstörung funktionierender Infrastruktur in der Wärmeversorgung. Mit dem geplanten Gesetzentwurf sollen und werden Hausbesitzer enteignet werden.",124,-1,-1_euro_energiewende_co2_deutschland,"['euro', 'energiewende', 'co2', 'deutschland', 'milliarden euro', 'bürger', 'bundesregierung', 'politik', 'präsidentin', 'klima']",0.0
980,1131,bt,sp20_5228,2022-05-19, Dr. Alice Weidel,"Die Ursache der Krise ist aber eine ganz andere, und zwar eine falsche, fehlgeleitete Politik. Die Energiewende hat mit dem gleichzeitigen Ausstieg aus Atomkraft und Kohlenutzung die Energiepreise hochgetrieben und die einseitige Abhängigkeit von russischem Erdgas erst verursacht. Sie saßen da in der Regierung, Kanzler Scholz. Verantwortungslose Schuldenpolitik, verbotene monetäre Staatsfinanzierung und die Nullzinspolitik der EZB, infolgedessen die Abwertung des Euros und dadurch erhöhte Importpreise sind doch die eigentliche Ursache der Inflation. Auch das wurde hier heute nicht erwähnt. Die repressive Coronapolitik und undurchdachte Sanktionen haben Lieferketten zerbrochen und das Angebot verknappt, während die Geldmenge explodiert. Der Verfall des Euros raubt den Bürgern Kaufkraft und Wohlstand. Härtere Klimaziele und der forcierte Ausbau sogenannter erneuerbarer Energien werden uns nicht unabhängiger machen, sondern die Energiekrise sogar noch verschärfen.",126,-1,-1_euro_energiewende_co2_deutschland,"['euro', 'energiewende', 'co2', 'deutschland', 'milliarden euro', 'bürger', 'bundesregierung', 'politik', 'präsidentin', 'klima']",0.0
100,100,bt,sp19_552,2018-09-11,Wolfgang Wiehle,"Die großspurige „Verkehrswende“-Zahl von 40 Prozent CO2-Minderung kann genau dazu führen, wenn sie mit der Brechstange durchgesetzt wird. Verkehrsbeschränkungen, drastische Steuererhöhungen, zwangsweiser Umstieg auf E-Autos, ohne dass man weiß, wo der Strom dafür herkommt – all das kann uns passieren, wenn die Ideologen die Oberhand gewinnen.",47,3,3_autoindustrie_synthetische kraftstoffe_elektromobilität_emissionen,"['autoindustrie', 'synthetische kraftstoffe', 'elektromobilität', 'emissionen', 'co2 emissionen', 'sogenannten verkehrswende', 'elektroautos', 'ideologische verkehrswende', 'verbrennungsmotoren', 'fahrzeuge']",0.5989723267017084
1589,1848,bt,sp20_23194,2024-04-26,Dr. Rainer Kraft,"Daraus folgt: Sie haben mit der irrational überhöhten sogenannten Energiewende den Anteil an CO2-freiem Strom nur um 18 Prozentpunkte gesteigert – in 20 Jahren mit Hunderten von Milliarden Euro an Kosten, die die Verbraucher und Stromzahler haben tragen müssen, mit der Vernichtung Tausender Hektar an Forst- und Agrarfläche und einem Strompreis, der sich in dieser Zeit mehr als verdoppelt hat. Das ist keine Erfolgsstory. Das ist Politik mit der Abrissbirne. Um es ganz klar zu sagen: Die Alternative für Deutschland erachtet CO2-Reduktion nicht als Ziel einer deutschen Energiepolitik. Aber Sie alle, von der Union bis zu den Gruppen ganz links außen, lassen keinen Tag vergehen, an dem Sie nicht härtere und teurere Anstrengungen der Nation zur Senkung der CO2-Emissionen fordern. Wir haben also jedes Recht, Sie an Ihrem eigenen Ziel zu messen. Und bei diesem Ihrem ureigenen Ziel versagen Sie. Dazu ein Gedanke.",143,-1,-1_euro_energiewende_co2_deutschland,"['euro', 'energiewende', 'co2', 'deutschland', 'milliarden euro', 'bürger', 'bundesregierung', 'politik', 'präsidentin', 'klima']",0.0
1129,1280,bt,sp20_9032,2023-11-16,Steffen Kotré,"Gut 10 Milliarden Euro soll das kosten, natürlich aus einem Schattenhaushalt; das kennen wir ja. Für eine Familie mit zwei Kindern bedeutet das etwa 600 Euro, die die Ampel ihr wegnimmt. Und die weltdümmste Energiepolitik geht noch weiter, meine Damen und Herren. Die Freisetzung von Treibhausgasen über die gesamte Lieferkette ist laut einer ernstzunehmenden Studie bei Flüssiggas höher als bei Kohle. Aber das interessiert Sie, die Sie faktenbefreit operieren, ja leider nicht. Also, meine Damen und Herren: Was ist zu tun? Rückkehr zur Kernenergie! Sonst gibt es keine preiswerte, sichere und umweltschonende Energieversorgung. Das machen zwischenzeitlich auch viele andere Länder so.",101,0,0_deutschland_co2_energiewende_kernenergie,"['deutschland', 'co2', 'energiewende', 'kernenergie', 'gas', 'kernkraftwerke', 'kohlekraftwerke', 'emissionen', 'grüne', 'gigawatt']",1.0
305,305,bt,sp19_1782,2019-09-13,Peter Boehringer,"Statt sich einfach am regulären Kapitalmarkt zinsfrei das Stiftungskapital zu beschaffen, will die GroKo nun hochverzinste Klimaanleihen begeben. Fürs Protokoll also: Söders Klimaanleihe, der Ökoschatzbrief der SPD oder nun eben Altmaiers Klimastiftung – all das sind teure Planwirtschaft, medialer Aktionismus und natürlich auch links-grüner Populismus seitens der Regierung.",48,-1,-1_euro_energiewende_co2_deutschland,"['euro', 'energiewende', 'co2', 'deutschland', 'milliarden euro', 'bürger', 'bundesregierung', 'politik', 'präsidentin', 'klima']",0.0
449,449,bt,sp19_2519,2020-01-17,Karsten Hilse,"Blüchel; „Die Klimalüge“ von Wolfgang Burgleitner; „Die erfundene Katastrophe: Ohne CO hat aufgrund seiner langjährigen leitenden Tätigkeiten in verschiedenen Umweltbehörden laut Wikipedia den Eindruck gewonnen – ich zitiere –, „die Warnung vor der Globalen Erwärmung sei ein Mittel, um Klimaforschern Arbeitsplätze, Prestige und Forschungsgelder zu verschaffen“.",51,-1,-1_euro_energiewende_co2_deutschland,"['euro', 'energiewende', 'co2', 'deutschland', 'milliarden euro', 'bürger', 'bundesregierung', 'politik', 'präsidentin', 'klima']",0.0
1712,1971,ep,eu10_99,2025-01-20,Anja Arndt,"Das gehört alles in die Klimadebatte. Aber diese Erkenntnisse werden unterdrückt, weil sich die Regierungen an den CO2‑Steuern, Emissionszertifikaten und anderen Dingen bereichern. Dieses Geld wird den Bürgern entzogen und über Subventionen von Windturbinen, Solaranlagen, Wärmepumpen und teilweise dubiosen Klimaprojekten umgelenkt. Hier gibt es viel aufzudecken. Deutschland braucht die AfD …",51,-1,-1_euro_energiewende_co2_deutschland,"['euro', 'energiewende', 'co2', 'deutschland', 'milliarden euro', 'bürger', 'bundesregierung', 'politik', 'präsidentin', 'klima']",0.0
1246,1397,bt,sp20_11573,2023-09-06,Tino Chrupalla,"Es geht mittlerweile niemand mehr davon aus – ich bin im Übrigen noch nie davon ausgegangen –, dass die Grünen überhaupt mit Steuergeld umgehen können. Es hat den Grünen schon immer Spaß gemacht, das Geld anderer Leute Gassi zu führen; wir werden von der Politik des Herrn Habeck tagtäglich darin bestätigt. Eine solche wirtschaftsfeindliche Politik hat es in der Bundesrepublik Deutschland noch nie gegeben, meine Damen und Herren. Diese grüne Wirtschaftspolitik funktioniert nur in der gleichfarbigen Blase einer Partei, die daran glaubt, das Klima retten zu können. Das hat einen Preis, der für uns alle unbezahlbar wird. Allein das Heizungsgesetz GEG kostet die Bürger unfassbare 2 500 Milliarden Euro – und das sind Ihre eigenen Zahlen aus der Bundesregierung. Dieses Gesetz braucht kein Mensch. Die Union soll nicht so tun – in Sachsen plakatiert sie „Heizungs-Verbot stoppen!“ –, als ob sie dieses Gesetz auch nicht wöllte.",148,-1,-1_euro_energiewende_co2_deutschland,"['euro', 'energiewende', 'co2', 'deutschland', 'milliarden euro', 'bürger', 'bundesregierung', 'politik', 'präsidentin', 'klima']",0.0
1075,1226,bt,sp20_7757,2022-03-17, Steffen Kotré,"Die Taschen füllen sich die Windanlagenbetreiber. Links-grüne Politik unterstützt das mit ihrem Lobbyismus. An dieser Stelle kann ich auch gleich noch mit einer Propagandalüge aufräumen: Die langfristig grüne Inflation ist nicht fossilgetrieben, sondern durch die instabilen erneuerbaren Energien. Das kann man sich an einem einzigen Fakt einfach mal klarmachen: Deutschland hat mit den höchsten Anteil an wettbewerbsunfähigem Wind- und Sonnenstrom und gleichzeitig mit die höchsten Strompreise. Andere Länder, die zum Beispiel Kernenergie nutzen, haben mit die niedrigsten Strompreise. Braunkohleverstromung zum Beispiel kommt ohne Subventionen aus. Die instabilen Erneuerbaren brauchen 1 bis 2 Billionen Euro – ein Fass ohne Boden. Jetzt werden ja nicht mehr nur die Stromkunden geschröpft, sondern auch die Steuerzahler.",112,-1,-1_euro_energiewende_co2_deutschland,"['euro', 'energiewende', 'co2', 'deutschland', 'milliarden euro', 'bürger', 'bundesregierung', 'politik', 'präsidentin', 'klima']",0.0
726,877,bt,sp20_28,2022-01-27 00:00:00,Wolfgang Wiehle,"Schon die Verabschiedung eines 2021er-Haus- halts im Jahre 2022 widerspricht dem Verfassungsgrundsatz der Jährlichkeit und dem Haushaltsgrundsatz der Fälligkeit. Die Bereitstellung einer Rücklage für Klimaschutz und Transformation steht in keinerlei Zusammen- hang mit der ins Feld geführten finanziellen Notlage, dieeine Ausnahme von den Regeln der Schuldenbremse erlauben sollte. Die behauptete Notlage ist noch dazu in erster Linie Folge der vielfach unverhältnismäßigen staatlichen Maßnahmen zur Bekämpfung der Pandemie. Es ist falsch, anzunehmen, dass der Staat am besten wüsste, wofür es sich lohnt, Geld auszugeben. Auch die modische Klimaargumentation kann nicht vertuschen, dass Ihre Transformationsprogramme immer tiefer in die Staatswirtschaft führen. Und es ist auch falsch, an- zunehmen, dass die ideologische Klimapolitik der Am- pelkoalition in eine gute Zukunft führen würde.",119,-1,-1_euro_energiewende_co2_deutschland,"['euro', 'energiewende', 'co2', 'deutschland', 'milliarden euro', 'bürger', 'bundesregierung', 'politik', 'präsidentin', 'klima']",0.0
596,596,bt,sp19_3613,2020-12-08,Karsten Hilse,"Die Klimakrise existiert zwar nur in den Köpfen einiger Fantasten wie Greta und Co sowie ihrer Stichwortgeber, sogenannter Klimawissenschaftler, der Homöopathen unter den Wissenschaftlern, wie sie der Kabarettist Vince Ebert mal so treffend bezeichnete. Direkt und indirekt sollen fast 27 Milliarden Euro für die Klimarettung ausgegeben werden, knapp 11 Milliarden Euro für die Übernahme eines Teils der Förderung für das untaugliche EEG und weitere knapp 16 Milliarden Euro, die in den verschiedenen Ressortplänen versteckt sind, plus 2,7 Milliarden Euro beim BMZ, um Klimaschutz und Klimaneutralität zu erreichen. Dabei ist jedem Menschen, der klar im Kopf ist, weil er keine ideologische Brille trägt, bewusst, dass all diese Klimamaßnahmen dem Klima nichts nützen.",111,2,2_klimawandel_klima_klimawandels_wissenschaftler,"['klimawandel', 'klima', 'klimawandels', 'wissenschaftler', 'menschengemacht', 'erwärmung', 'hypothese', 'natürlich', 'millionen jahren', 'klimakatastrophe']",0.8250300818140982
623,623,bt,sp19_3829,2021-02-11,Karsten Hilse,"Exemplarisch dafür steht, neben anderen Feldern, die Klimawissenschaft. Nur: Deren Einflussnahme geschieht nicht ganz so plump wie die des Innenministeriums, sie ist eigentlich noch schlimmer; denn vielfach dienen sich als Wissenschaftler getarnte Aktivisten den Politikern regelrecht an, zum Beispiel Steven Schneider, von dem der berühmte Ausspruch stammt – ich zitiere mit Ihrer Genehmigung, Frau Präsidentin –: Besondere Beispiele dafür sind die diversen Klima- und Umweltinstitute, die nach der IPCC-Gründung wie Pilze aus dem Boden schossen, zum Beispiel das Potsdam-Institut für Klimafolgenforschung, kurz: PIK, dem staatliche Mittel in reicher Zahl zugeschanzt wurden. Sein Gründungsdirektor Professor Schellnhuber erkannte die Zeichen der Zeit und berät seitdem nicht nur die Bundeskanzlerin, sondern auch Ministerien und Gremien, nationale wie internationale, jetzt sogar den Papst.",119,2,2_klimawandel_klima_klimawandels_wissenschaftler,"['klimawandel', 'klima', 'klimawandels', 'wissenschaftler', 'menschengemacht', 'erwärmung', 'hypothese', 'natürlich', 'millionen jahren', 'klimakatastrophe']",0.7163593065808987
352,352,bt,sp19_2021,2019-10-25,Heiko Wildberg,"Herr Präsident! Meine Damen und Herren! Bei dem vorliegenden Entwurf eines Klimaschutzgesetzes geht es um nicht weniger als die Rettung des Weltklimas oder zumindest einen bedeutenden Beitrag dazu – angeblich. Tatsächlich aber ist dieser Gesetzentwurf ein Verbots- und Steuererhöhungsprogramm, wie man es seit den Zeiten des mittelalterlichen Ablasshandels nicht mehr gesehen hat. Als Geowissenschaftler möchte ich ausdrücklich darauf hinweisen, dass die wissenschaftliche Basis dieses Gesetzentwurfes wie auch des gesamten Klimapaketes mehr als dürftig ist. Nehmen wir zum Beispiel die Klimamodelle des Weltklimarates. Diese sind nicht einmal ansatzweise in der Lage, die Klimaentwicklung nachzuvollziehen, weder die der vergangenen Jahrzehnte mit den bekannten Klimafolgen noch die der letzten zehntausend Jahre. Wie können sie dann für die Zukunft gelten?",116,0,0_deutschland_co2_energiewende_kernenergie,"['deutschland', 'co2', 'energiewende', 'kernenergie', 'gas', 'kernkraftwerke', 'kohlekraftwerke', 'emissionen', 'grüne', 'gigawatt']",0.5495876153241942
68,68,bt,sp19_372,2018-06-13,Karsten Hilse,"Der Klimaschutzbericht zeigt, dass die sogenannten Klimaschutzziele weit verfehlt werden. Die CO 2 -Emissionen bleiben seit 2008 in einem Schwankungsbereich von circa plus/minus 2,3 Prozent etwa gleich. Im selben Zeitraum haben wir aber eine Erhöhung der Stromkosten um 50 Prozent für den Endverbraucher erlebt. Wir wissen alle, dass sich, wenn wir der Ideologie – das tun Sie ja – des IPCC folgen und komplett auf fossile Brennstoffe verzichten würden, die wie auch immer geartete Erdmitteltemperatur um 0,00065 Grad Celsius verringern würde. Wie erklären Sie den Abgabepflichtigen, dass sie für diesen wahnwitzig geringen Wert eine Erhöhung ihrer Stromkosten um 50 Prozent, eine Verspargelung ihrer Kulturlandschaften und Gesundheitsschäden durch In­fraschall in der Nähe von Windkraftanlagen akzeptieren müssen?",116,-1,-1_euro_energiewende_co2_deutschland,"['euro', 'energiewende', 'co2', 'deutschland', 'milliarden euro', 'bürger', 'bundesregierung', 'politik', 'präsidentin', 'klima']",0.0
150,150,bt,sp19_790,2018-11-09,Steffen Kotré,"Ab 40 bis 50 Prozent erneuerbarer Zappelstrom wird der Netzzusammenbruch wahrscheinlicher. Wir können das leider in Südaustralien sehen. Dort ist es schon Realität geworden. Die Blackouts kann man dort beobachten. Hinzu kommt, dass die deutsche Energiewende völlig sinnlos ist. Wir sparen kein Gramm CO 2 ein. Mit der AfD wird es keinen weiteren Ausbau der erneuerbaren Energien geben. Wir stehen zu unserer Braunkohle, unserem heimischen marktfähigen Energieträger. Weltweit sind 1 600 Kohlekraftwerke in Bau und in Planung. Also, so schlecht kann die Kohle nicht sein. Wenn wir an die Kosten für die Energiewende denken – 1 Billion Euro –: Was könnten wir mit diesen Mitteln machen? Wir könnten Alters- und Kinderarmut abstellen. Wir könnten unser Bildungssystem sanieren. Wir könnten die Familien fördern. Das wäre sinnvoll, aber nicht die Energiewende.",129,-1,-1_euro_energiewende_co2_deutschland,"['euro', 'energiewende', 'co2', 'deutschland', 'milliarden euro', 'bürger', 'bundesregierung', 'politik', 'präsidentin', 'klima']",0.0
1976,2235,ep,eu8_243642,2015-06-10,Beatrix von Storch,"Der Entschließung des Parlaments der EU zu der europäischen Strategie für Energieversorgungssicherheit habe ich nicht zugestimmt. Sie hat letztendlich auch keine Mehrheit im Parlament bekommen. Meine Fraktion hat viele Änderungsanträge beigesteuert, mit denen der Bericht besser geworden wäre. Gleichwohl wäre er für mich auch bei Annahme dieser Änderungsanträge nicht zustimmungsfähig gewesen. Der Bericht ist ein Angriff auf die industrielle Basis Europas und fordert einen Umbau zu einer grüneren Energiewirtschaft. Er fußt auf der ideologischen Basis eines menschengemachten Klimawandels, die ich nicht teile. Der zentralplanerische Umbau der Energieerzeugungsbranche in Deutschland und Europa aufgrund fragwürdiger ideologischer Dogmen ist falsch. Zudem gibt es mit Sicherheit Aufgaben für eine Koordination von Angelegenheiten im Bereich der Energieversorgungssicherheit auf Ebene der EU. Dazu gehören jedoch nicht Vorgaben über den jeweiligen nationalen Energiemix.",126,-1,-1_euro_energiewende_co2_deutschland,"['euro', 'energiewende', 'co2', 'deutschland', 'milliarden euro', 'bürger', 'bundesregierung', 'politik', 'präsidentin', 'klima']",0.0
1757,2016,ep,eu9_6476,2023-12-14,Sylvia Limmer,"Herr Präsident! Wie wären eigentlich die 70 000 Teilnehmer der Klimakonferenz ohne fossile Energiequellen nach Dubai gekommen? Wohl kaum mit dem Lastenfahrrad. Es ist also auch für die Klima-Berufsheulsusen gut, dass kein verbindlicher Ausstieg aus fossilen Energieträgern beschlossen wurde und Kernenergie als Lösung gesehen wird. Beide sind sowohl Primärenergiequellen als auch jederzeit bedarfsgerecht verfügbar, ganz im Gegensatz zu elektrischer Energie oder den sogenannten volatilen Erneuerbaren. Übrigens wird – abhängig vom atmosphärischen CO2-Gehalt – über die Hälfte der anthropogenen CO2-Emissionen von Pflanzen oder Ozeanen resorbiert. Selbst wenn man also die absurde Idee hat, CO2 sei der alleinige Klimatreiber, bedeutet Netto-Null eben nicht null menschliche Emissionen. Zu dieser Erkenntnis bedürfte es aber zumindest einer basalen naturwissenschaftlichen Intelligenz. Die kann ich leider bei der Majorität nicht erkennen.",124,2,2_klimawandel_klima_klimawandels_wissenschaftler,"['klimawandel', 'klima', 'klimawandels', 'wissenschaftler', 'menschengemacht', 'erwärmung', 'hypothese', 'natürlich', 'millionen jahren', 'klimakatastrophe']",0.7074645724455828
1617,1876,bt,sp20_24091,2024-03-21,Enrico Komning,"Sehr geehrte Frau Präsidentin! Sehr geehrter Herr Minister! Gut, dass Sie heute dabei sind; das finde ich wirklich toll. Meine Damen und Herren Kollegen! Die sogenannte „sozialökologische Transformation“ soll nach den Vorstellungen der Bundesregierung in eine sogenannte „sozialökologische Marktwirtschaft“ münden. Mit Ihren „grünen Leitmärkten“ geben Sie vor, was produziert wird. Mit Klimaschutzverträgen geben Sie vor, wie produziert wird. Das, meine Damen und Herren, hat mit Marktwirtschaft nichts mehr zu tun, umso mehr mit neosozialistischer Planwirtschaft. Die praktischen Folgen kriegen Deutschland und seine Bürger derzeit am eigenen Leib zu spüren: das Ausplündern der Menschen, Deindustrialisierung. Und Sie feiern sich für die Reduzierung der CO2-Emissionen. Ernsthaft? Ich meine, Ihre „nachhaltige“ Abwrackpolitik ist dafür verantwortlich und sonst nichts.",123,0,0_deutschland_co2_energiewende_kernenergie,"['deutschland', 'co2', 'energiewende', 'kernenergie', 'gas', 'kernkraftwerke', 'kohlekraftwerke', 'emissionen', 'grüne', 'gigawatt']",0.8729027464459288
192,192,bt,sp19_1004,2019-01-31,Enrico Komning,"Nicht Donald Trump oder der Brexit sind dafür verantwortlich, dass Menschen und Unternehmen in Deutschland die höchsten Energiekosten zu stemmen haben. Mit Ihrer Energiewende, die klimatisch nichts bringt, dafür aber astronomische Summen verschlingt, haben Sie diesem Land einen Rucksack aufgeladen, an dessen Gewicht die künftigen Generationen, die heute hier oben auf den Zuschauertribünen sitzen, zerbrechen werden.",56,-1,-1_euro_energiewende_co2_deutschland,"['euro', 'energiewende', 'co2', 'deutschland', 'milliarden euro', 'bürger', 'bundesregierung', 'politik', 'präsidentin', 'klima']",0.0
1,1,bt,sp19_4,2017-11-21,Tino Chrupalla,"Mit gesunden Heimatmärkten hätten wir das Problem nicht; aber die Vorgabe des Zentralkomitees in Berlin war nun einmal die totale Abkehr von fossilen Brennstoffen. Und jetzt haben wir das Nachsehen. Glücklicherweise geben Sie inzwischen selbst zu: Die Energiewende ist eine Farce. Ich zitiere die Aussage eines Fachmanns, die am Wochenende in der „Sächsischen Zeitung“ zu lesen war.",59,0,0_deutschland_co2_energiewende_kernenergie,"['deutschland', 'co2', 'energiewende', 'kernenergie', 'gas', 'kernkraftwerke', 'kohlekraftwerke', 'emissionen', 'grüne', 'gigawatt']",0.965675019545304
171,171,bt,sp19_895,2018-11-29,Karsten Hilse,"Die klar formulierten Zwischenziele des Klimaschutzplans 2050 und seiner jeweiligen Unterpläne im Bereich des Anteils erneuerbarer Energien am Energieendverbrauch bis 2020 werden weit verfehlt. Die geplanten Absenkungen sowohl des Primär­energie- als auch des Energieverbrauchs liegen uneinholbar weit unter den klar formulierten Zielen 2020 bzw. 2030. Die ebenfalls geplante Umstellung des Individualverkehrs auf E‑Mobilität verschiebt sie noch weiter ins Land Absurdistan, obwohl wir uns in diesem ja sowieso befinden.",68,-1,-1_euro_energiewende_co2_deutschland,"['euro', 'energiewende', 'co2', 'deutschland', 'milliarden euro', 'bürger', 'bundesregierung', 'politik', 'präsidentin', 'klima']",0.0
232,232,bt,sp19_1312,2019-04-12,Martin Reichardt,"Er ist beseelt von Bevormundung und Unfreiheit. Der Antrag will die von den Grünen überall geschürten Ängste vor Klimawandel, Dieser Antrag ist ein Ideologiepapier. Er ist Teil des Angriffs der Grünen auf eine Vielzahl bewährter Technologien und deren Weiterentwicklung. Aktuell sind das Kohlekraftwerke und Dieselmotoren.",45,0,0_deutschland_co2_energiewende_kernenergie,"['deutschland', 'co2', 'energiewende', 'kernenergie', 'gas', 'kernkraftwerke', 'kohlekraftwerke', 'emissionen', 'grüne', 'gigawatt']",1.0
214,214,bt,sp19_1174,2019-03-15,Marc Jongen,"Der Anteil Deutschlands daran ist 3,1 Prozent. Das macht 0,0004712 Prozent des CO 2 in der Luft, was wir in Deutschland produzieren. Und dafür leisten wir uns eine Energiewende, die mit 50 Milliarden Euro jährlich zu Buche schlägt, riskieren die Deindustrialisierung und den großen Blackout in Deutschland und spielen uns als Klimaretter auf. Meine Damen und Herren, da müssen wir uns die Frage gar nicht mehr stellen, ob das CO 2 mitverantwortlich ist für die Erderwärmung. Das ist eine wahnhafte und – auch dafür steht der Fall Greta Thunberg zeichenhaft – eine infantile Politik.",94,0,0_deutschland_co2_energiewende_kernenergie,"['deutschland', 'co2', 'energiewende', 'kernenergie', 'gas', 'kernkraftwerke', 'kohlekraftwerke', 'emissionen', 'grüne', 'gigawatt']",1.0
1184,1335,bt,sp20_10063,2023-10-12,Dr. Michael Kaufmann,"Das ist ein schlechter Witz, aber nicht nachhaltig. Sie fordern – ich zitiere –: „Unser Handeln in Deutschland soll möglichst nicht zur Belastung für die Menschen und die Umwelt in anderen Ländern führen.“ Zugleich aber muten Sie den eigenen Bürgern immer größere und unerträglichere Belastungen zu, und unseren Naturraum zerstören Sie mit Anlagen Ihrer sogenannten Energiewende. Windkraft- und Photovoltaikanlagen sind auf eine Nutzungsdauer von gerade einmal 20 Jahren ausgelegt. Danach sind sie kaum recycelbarer Schrott. Das ist das Gegenteil von Nachhaltigkeit. Ähnlich sieht es bei Akkus und Komponenten der Elektromobilität aus. Die Produktion vieler dieser Komponenten und Grundstoffe wird nach China und in andere Länder ausgelagert. Dort pfeift man auf unsere Nachhaltigkeitsprinzipien. Darin ist weder ein Vorteil für die Umwelt in Deutschland noch sonst wo in der Welt erkennbar.",131,-1,-1_euro_energiewende_co2_deutschland,"['euro', 'energiewende', 'co2', 'deutschland', 'milliarden euro', 'bürger', 'bundesregierung', 'politik', 'präsidentin', 'klima']",0.0
1963,2222,ep,eu8_114406,2016-11-24,Beatrix von Storch,"Der Entschließung des EU-Parlaments zu neuen Chancen für kleine Verkehrsunternehmen einschließlich solcher, die kollaborative Geschäftsmodelle verfolgen, habe ich nicht zugestimmt. Der Bericht fordert die Umsetzung der COP 21 und die CO2-Reduktion. Er begrüßt die durch den EFSI geschaffenen Möglichkeiten. Er fordert den Aufbau eines integrierten europäischen Fahrkartenvertriebssystems. Und schließlich fordert der Bericht alle möglichen und unmöglichen Formen der Rechtsvereinheitlichung und mischt sich ins Sozial- und Arbeitsrecht der Mitgliedstaaten ein.",69,-1,-1_euro_energiewende_co2_deutschland,"['euro', 'energiewende', 'co2', 'deutschland', 'milliarden euro', 'bürger', 'bundesregierung', 'politik', 'präsidentin', 'klima']",0.0
490,490,bt,sp19_2833,2020-05-06,Udo Theodor Hemmelgarn,"Natürlich soll das Ganze wieder einmal dem Klimaschutz und der Schaffung einer besseren Welt dienen. Meine Damen und Herren, unter dem Deckmantel des Klimaschutzes werden der Mittelstand zerstört und die Herrschaft der Großkonzerne weiter ausgebaut –",36,-1,-1_euro_energiewende_co2_deutschland,"['euro', 'energiewende', 'co2', 'deutschland', 'milliarden euro', 'bürger', 'bundesregierung', 'politik', 'präsidentin', 'klima']",0.0
1268,1419,bt,sp20_11832,2023-07-07,Dr. Alice Weidel,"Und es nützt den Klimaideologen, die damit ihre Träume von einer ökosozialistischen Plan- und Mangelwirtschaft mit Lastenfahrrädern und Kerzen realisieren wollen, in der Vorschriften und Zwänge an die Stelle von Privateigentum, von Wohlstand, Vernunft und fairem Wettbewerb treten. Es ist völlig klar, warum Sie das so hektisch erzwingen wollten: Sie haben Angst vor den Bürgern, vor den eigenen Wählern; denn sie begreifen sehr gut, dass sie belogen, betrogen, enteignet und ärmer gemacht werden sollen. Ihre Rechnung wird deshalb nicht aufgehen. Vier Fünftel der Menschen in diesem Land sind gegen das Heizungsgesetz. Vier Fünftel! Dass Sie Bruchrechnung und Mathematik nicht können, das ist völlig klar. Lassen Sie sich das erklären, was vier Fünftel eigentlich bedeuten. Es bleibt dabei: Das beste Heizungsgesetz ist kein Heizungsgesetz. Nutzen Sie die Denkpause, die Ihnen das Bundesverfassungsgericht dankenswerterweise gegeben hat, und stampfen Sie dieses unsägliche Gesetz komplett ein.",142,-1,-1_euro_energiewende_co2_deutschland,"['euro', 'energiewende', 'co2', 'deutschland', 'milliarden euro', 'bürger', 'bundesregierung', 'politik', 'präsidentin', 'klima']",0.0
180,180,bt,sp19_926,2018-11-30,Steffen Kotré,"Wie zu jeder Ideologie gehört auch zur Energiewende ein Mythos, und dieser Mythos heißt dort: Der Klimawandel ist menschengemacht. – Aber das ist er mitnichten, zumindest nicht in dem Sinne, wie er hier propagiert wird. Es gab schon immer einen Wandel des Klimas, es gab schon immer eine Abfolge von Eiszeiten, Zwischen­eiszeiten, Warmzeiten. Wir haben die verschiedensten Anhaltspunkte dafür. Ich will einfach einmal zwei Beispiele herausnehmen: Wenn wir unter das Gletschereis gucken, dann finden wir dort jahrtausendealte Pflanzenreste. Das heißt, es war nicht immer Eis da. Oder nehmen wir einmal ein Datum aus der Geschichte: 1473, da konnten die Menschen zu Fuß durch das Bett des Flusses Donau gehen, weil der Fluss ausgetrocknet war. Diese Klimaveränderungen gibt es also schon seit Jahrhunderten und Jahrtausenden.",124,2,2_klimawandel_klima_klimawandels_wissenschaftler,"['klimawandel', 'klima', 'klimawandels', 'wissenschaftler', 'menschengemacht', 'erwärmung', 'hypothese', 'natürlich', 'millionen jahren', 'klimakatastrophe']",0.7955272373548004
816,967,bt,sp20_1686,2022-10-20,Dr. Rainer Kraft,"Das sind die harten Fakten in Ihrem Energiewendemärchen. Ich stelle mir die Frage, wo das hinführen soll. Ganz einfach: Das Ziel ist es, dass Deutschland wieder eine Energieversorgung bekommt, die den Vorgaben der Agenda 2030 entspricht: bezahlbar, zuverlässig, nachhaltig und modern. Das wird die Aufgabe dieser Kommission sein. Weil hier die ganze Zeit Einwürfe zu den sogenannten Erneuerbaren kommen: Nein, niemand stellt die Fähigkeit von Windindustrieanlagen und Photovoltaik infrage, Strom produzieren zu können. Das wäre auch eine hervorragende und gute Sache, wenn die Menge der Erzeugung zum entsprechenden Verbrauch passen würde. Nur, das ist leider so gut wie niemals der Fall. Daher müssen ständig teure Ersatzmaßnahmen greifen, um die ganzen Defizite zu überbrücken. Zukünftig soll dann Energie, die produziert wird, in eine speicherbare Form überführt werden, um dann in Zeiten der ständigen Unterproduktion aktiviert zu werden.",136,0,0_deutschland_co2_energiewende_kernenergie,"['deutschland', 'co2', 'energiewende', 'kernenergie', 'gas', 'kernkraftwerke', 'kohlekraftwerke', 'emissionen', 'grüne', 'gigawatt']",1.0
1337,1488,bt,sp20_14062,2023-04-27, Thomas Seitz,"Sehr geehrte Frau Präsidentin! Sehr geehrte Damen und Herren! Erst vor zwei Tagen legten die Klimaverbrecher zwei der wichtigsten Kreisverkehre in Berlin lahm. Die Polizei nahm 71 Personen in Gewahrsam. Der Schein, dass der Rechtsstaat diese Verbrecher bändigen könne und auch wolle, trügt aber. In zwei Fällen hat das Gericht den Gewahrsam abgelehnt, und die übrigen 69 Chaoten wurden dem Richter nicht einmal vorgeführt. Es wird deutlich, dass Gesetzesverschärfungen nichts bringen, wenn sie nicht auch angewandt werden. So wäre in Berlin eine Höchstdauer des Gewahrsams von einem Monat wie in Bayern sinnlos, wenn erst gar kein Gewahrsam angeordnet wird. Der Antrag der Union krankt schon daran, dass er einleitend der Klimareligion huldigt. Erst nach diesem Kotau traut sich die Union, die von den Klimaverbrechern ausgehende Gefahr für Staat und Gesellschaft anzugehen.",131,-1,-1_euro_energiewende_co2_deutschland,"['euro', 'energiewende', 'co2', 'deutschland', 'milliarden euro', 'bürger', 'bundesregierung', 'politik', 'präsidentin', 'klima']",0.0
720,871,bt,sp19_428,2021-09-07 00:00:00,Tino Chrupalla,"Die Menschen vor Ort, die kleinen mittelständischen Betriebe, die Handwerker wollen diesen Ausstieg nicht. Frau Baerbock, wer einen Kohleausstieg schon 2030 fordert, agiert asozial. Das ist asoziale Politik, was Sie fordern. Einer vollkommenen Fehleinschätzung unterliegend glauben Sie, dass die Abschaltung deutscher Braunkohlekraftwerke auf modernster Entwicklungsstufe den CO2-Anteil in der Atmosphäre reduzieren würde. Genau diese Fehlentscheidung wird den zukünftigen Generationen noch schwer zu schaffen machen. Anstelle sich mit der Heimat zu identifizieren, sollen nun neue Ideologien wie der Klimawandel dafür herhalten, unsere Gesellschaft zu begründen.",84,-1,-1_euro_energiewende_co2_deutschland,"['euro', 'energiewende', 'co2', 'deutschland', 'milliarden euro', 'bürger', 'bundesregierung', 'politik', 'präsidentin', 'klima']",0.0
812,963,bt,sp20_1653,2022-10-20, Dr. Marc Jongen,"Nein, Deutsche zahlen mit die höchsten Strompreise weltweit – beim Gas doppelt so viel wie unsere polnischen Nachbarn und etwa dreimal so viel wie in Ungarn – nicht wegen des Krieges in der Ukraine – der hat die hausgemachten Probleme nur verschärft –, sondern wegen der dümmsten Energiepolitik der Welt, wie das „Wall Street Journal“ treffend schrieb, nämlich der deutschen. Und es rächt sich jetzt bitter, dass man in Deutschland die Ingenieurskompetenz in Sachen Kernkraft systematisch zerstört hat auf Betreiben der grünen Ideologen und dass auch der politische Druck auf die Wissenschaft kaum noch eine offene wissenschaftliche Diskussion über die Ursachen des Klimawandels und den Umgang damit zulässt.",110,0,0_deutschland_co2_energiewende_kernenergie,"['deutschland', 'co2', 'energiewende', 'kernenergie', 'gas', 'kernkraftwerke', 'kohlekraftwerke', 'emissionen', 'grüne', 'gigawatt']",0.8343048030900901
50,50,bt,sp19_251,2018-05-15,Martin Hohmann,"Es ist ein unverzichtbarer Bestandteil allen Lebens. Für die Pflanzen ist Kohlendioxid der wichtigste Baustoff, ein unersetzliches Lebensmittel. Ohne CO 2 geht die Pflanze ein, wortwörtlich, wie eine Primel. Besser gesagt, ohne Kohlendioxid fängt sie gar nicht erst an, zu wachsen. Drittens. Bei der klimapolitischen Entscheidung hin zu den erneuerbaren Energien und weg von der Atomenergie hat die Kanzlerin mit falschen, mit gezinkten Karten gespielt. Sie hat hier den Klimaengel gegeben, weil sie wusste, sie kann sich auf die Nachbarn mit ihren Atomkraftwerken fest verlassen.",85,-1,-1_euro_energiewende_co2_deutschland,"['euro', 'energiewende', 'co2', 'deutschland', 'milliarden euro', 'bürger', 'bundesregierung', 'politik', 'präsidentin', 'klima']",0.0
514,514,bt,sp19_3098,2020-09-11,Steffen Kotré,"Wenn es gegen die Kohle geht, dann werden die Bäume geschützt. Wenn aber diese Industrieanlagen in den Wald gestellt werden sollen, dann sind die Bäume völlig egal.",27,6,6_windindustrieanlagen_windkraftanlagen_industrieanlagen_wohnhäusern,"['windindustrieanlagen', 'windkraftanlagen', 'industrieanlagen', 'wohnhäusern', 'photovoltaikanlagen', 'naturschutz', 'vögel', 'wäldern', 'bläst sonne', 'monsteranlagen']",0.9890197385546656
237,237,bt,sp19_1356,2019-05-09,Steffen Kotré,"Dank der Verknappung der Stromerzeugungskapazität aufgrund der Energiewende der Altparteien, allen voran der von den Grünen vor sich hergetriebenen Bundesregierung, sind wir jetzt stärker auf das Verbundnetz angewiesen. Die Energiewende – wir haben es schon oft gehört – hat uns die weltweit höchsten Strompreise beschert. In dieser Situation schlägt die Bundesregierung jetzt eine CO 2 -Steuer vor. Eine CO 2 -Steuer in Verbindung mit dem falschen Ausstieg aus der Kohleverstromung und mit dem völlig übereilten Ausstieg aus der Kernenergie Zur Netzstabilität. Nur weil wir im Moment noch mehr konventionelle Kraftwerke im Netz haben, ist das Netz noch stabil. Der instabile neue Strom aus Windkraft und Solarenergie gefährdet unsere Netzsicherheit. Schon heute müssen wir energieintensive Unternehmen manchmal vom Netz nehmen, um es zu stabilisieren.",123,-1,-1_euro_energiewende_co2_deutschland,"['euro', 'energiewende', 'co2', 'deutschland', 'milliarden euro', 'bürger', 'bundesregierung', 'politik', 'präsidentin', 'klima']",0.0
1955,2214,ep,eu9_63364,2019-09-16,Sylvia Limmer,"Ich denke, Sie haben meine Ausführungen nicht verstanden. Lächerlich ist, dass eine EU, die mit ihrer Energiewende und ihrer Politik zu genau dieser Zerstörung der Wälder führt, die dann am Ende bejammert wird, sich zur Retterin eben jener Wälder aufspielt.",40,-1,-1_euro_energiewende_co2_deutschland,"['euro', 'energiewende', 'co2', 'deutschland', 'milliarden euro', 'bürger', 'bundesregierung', 'politik', 'präsidentin', 'klima']",0.0
783,934,bt,sp20_1018,2022-11-11, Thomas Ehrhorn,"Das ist doch so schwer nicht zu verstehen, meine Damen und Herren, es sei denn, man baut auf den Import von ausländischem Atom- und Kohlestrom und begibt sich dann natürlich in die nächste fatale Abhängigkeit. Wenn man dann auch noch sagt, Atomkraft erzeugt zwar kein CO2, wollen wir aber trotzdem nicht, Kohlekraft wollen wir mittelfristig auch nicht, weil sie nämlich CO2 erzeugt, und preiswertes russisches Gas wollen wir ja schon dreimal nicht, weil wir gerne den Ukraine-Krieg zu unserem machen wollen, ja dann ist dies tatsächlich der direkte Weg in die Zerstörung unserer Industrienation und der Weg in die Verarmung unserer Bevölkerung. – Genau diesen Weg beschreiben wir ja auch. Deswegen fragen sich immer mehr Menschen da draußen, ob es wirklich denkbar ist, dass hier eine überwiegend dumme Politikerkaste einfach nur dumme Entscheidungen trifft. Ich kann Sie da draußen aber beruhigen: Das ist eben genau nicht so.",147,0,0_deutschland_co2_energiewende_kernenergie,"['deutschland', 'co2', 'energiewende', 'kernenergie', 'gas', 'kernkraftwerke', 'kohlekraftwerke', 'emissionen', 'grüne', 'gigawatt']",0.9335044244365556
299,299,bt,sp19_1727,2019-09-11,Volker Münz,"Statt einfacher wird es in Zukunft aber schwerer, den Erfolg der Entwicklungshilfeausgaben zu bewerten; denn nun will auch das BMZ verstärkt in die weltweite Bekämpfung des Klimawandels einsteigen. Herr Minister, Sie sagten vor wenigen Wochen in der Presse, dass nationale Maßnahmen zur Klimarettung nur ein Tropfen auf den heißen Stein seien, weil unser Land nur 2 Prozent des weltweiten CO Es soll massiv – das sagten Sie – in die globale Energiewende investiert werden. Damit übernehmen wir uns, meine Damen und Herren.",82,-1,-1_euro_energiewende_co2_deutschland,"['euro', 'energiewende', 'co2', 'deutschland', 'milliarden euro', 'bürger', 'bundesregierung', 'politik', 'präsidentin', 'klima']",0.0
1144,1295,bt,sp20_9214,2023-11-10,Dr. Rainer Kraft,"Das deutsche Problem ist, dass wir minderwertigem Zufallsstrom den Vorrang vor solidem grundlastfähigem Strom einräumen. Und da können Sie noch so viele Milliarden in Ihre Klimaplanwirtschaft stecken, am Ende können ein Windrad und eine PV-Anlage ein gutes Kraftwerk einfach nicht ersetzen. Die deutsche Stromhandelsbilanz belegt das auch. Im Januar wurde noch für 422 Millionen Euro Strom verkauft – aus deutscher Kernkraft. Und im August musste dann schon für 530 Millionen Euro Strom eingekauft werden – großteilig französischer Kernkraftwerksstrom. Und damit ist klar: Preiswerten Strom beziehen wir seit April aus dem Ausland, weil Sie die letzten drei deutschen Kernkraftwerke abgeschaltet haben. Das hat sogar das Bundeswirtschaftsministerium erkannt.",106,0,0_deutschland_co2_energiewende_kernenergie,"['deutschland', 'co2', 'energiewende', 'kernenergie', 'gas', 'kernkraftwerke', 'kohlekraftwerke', 'emissionen', 'grüne', 'gigawatt']",1.0
752,903,bt,sp20_657,2022-12-01,Karsten Hilse,"Da wird ein Luftschloss nach dem anderen gebaut, zum Beispiel wenn Sie davon schwafeln, „Wärmewende-Reallabore“ einzurichten oder „Energiespeicher im großen Umfang vorzuhalten“ – die aber leider noch erfunden werden müssen; denn die vorhandenen Energiespeicher wie Kohle, Öl, Gas oder Uran lehnen Sie ja schlussendlich ab und wollen, so wie die grünen Kommunisten, alsbald aus ihnen aussteigen. Was also soll das? Entweder Sie haben ausgereifte, erprobte Produkte und Verfahren, die besser und möglichst auch billiger sind als die bestehenden, und führen die auf breiter Front ein – dann geht jede Wende von selbst –, oder – und das ist Ihr Weg und der Weg des gesamten Hauses – Sie haben sie nicht. Stattdessen bauen Sie ein Luftschloss nach dem anderen, nennen es „Reallabore“, „Grünen Wasserstoff“ oder einfach „erneuerbare Energien“ – Hauptsache, es klingt gut.",143,0,0_deutschland_co2_energiewende_kernenergie,"['deutschland', 'co2', 'energiewende', 'kernenergie', 'gas', 'kernkraftwerke', 'kohlekraftwerke', 'emissionen', 'grüne', 'gigawatt']",0.919032319916418
678,689,bt,sp19_36,2021-05-20 00:00:00,Marc Bernhard,"Spätestens jetzt muss jedem Bürger klar sein: Mit Ihrer Klimapolitik werden Sie über kurz oder lang ein CO2-Kontingent einführen, mit dem Sie den Bürgern vorschreiben werden, ob, wann und wie lange sie ihre Autos in Zukunft nutzen dürfen. Sie werden die Bewegungsfreiheit eines jeden Bürgers rationieren.",46,0,0_deutschland_co2_energiewende_kernenergie,"['deutschland', 'co2', 'energiewende', 'kernenergie', 'gas', 'kernkraftwerke', 'kohlekraftwerke', 'emissionen', 'grüne', 'gigawatt']",0.7793655802931997
1206,1357,bt,sp20_10517,2023-09-28,Marc Bernhard,"Abgesehen davon, dass kein Mensch weiß, wo diese 450 Anlagen überhaupt errichtet werden sollten, wird das für die Menschen in unserem Land zu Erdbebenrisiken, Gebäudeschäden und massiver Grundwassergefährdung führen, und das alles nur wegen Ihrer völlig vermurksten Energiewende und der völlig kopflosen Abschaltung der Kernkraftwerke. Für die AfD steht der Schutz der Menschen und der Umwelt im Zentrum und nicht wie bei Ihnen Ihre Klimahysterie.",65,-1,-1_euro_energiewende_co2_deutschland,"['euro', 'energiewende', 'co2', 'deutschland', 'milliarden euro', 'bürger', 'bundesregierung', 'politik', 'präsidentin', 'klima']",0.0
766,917,bt,sp20_878,2022-11-24,Dirk Brandes,"Der BGL schreibt in seiner Stellungnahme – ich zitiere mit Ihrer Erlaubnis, Frau Präsidentin –, dass „die vorgesehenen Mauterhöhungen die ohnehin kaum spürbaren Entlastungsmaßnahmen der Bundesregierung“ konterkarieren. Und: Die Bundesregierung macht die mittelständische Transportwirtschaft … zum Spielball ihrer Politik! Genauso ist es. Mit diesem Entwurf wollen Sie in einem ersten Schritt die Sätze für Lärmbelastungs- und Luftverschmutzungskosten massiv erhöhen. Letztere werden für modernste, saubere Euro-6-Fahrzeuge bis doppelt so teuer. Lärmbelastungskosten sollen bis um das Achtfache steigen. Sie toppen wieder einmal die EU-Vorgaben um das Vierfache. Damit nicht genug, gehen Ihre Planungen aber noch weiter: Mautausdehnung auf leichte Lkw ab 3,5 Tonnen. Herr Schiefner, Sie haben jetzt eben schon offiziell angekündigt, die Maut auch auf Lkw ab 2,5 Tonnen ausweiten zu wollen. Hinzu kommt ein Mautzuschlag für den CO2-Ausstoß.",130,-1,-1_euro_energiewende_co2_deutschland,"['euro', 'energiewende', 'co2', 'deutschland', 'milliarden euro', 'bürger', 'bundesregierung', 'politik', 'präsidentin', 'klima']",0.0
1418,1569,bt,sp20_16778,2023-01-19, Stephan Brandner,"Um den Anschein von Handlungsfähigkeit zu wahren, schmeißen Sie all das, wofür Sie viele Jahre gekämpft haben, über den Haufen und wollen der angeblichen Energiewende den Weg frei machen. Umso unglaubwürdiger sind die Krokodilstränen, die hier von Ihnen vergossen werden, alles würde so lange dauern. Sie haben es selber verbockt und kein anderer. Meine Damen und Herren, wir als AfD haben weiß Gott nichts gegen die Beschleunigung von Infrastrukturmaßnahmen, soweit sie breit aufgestellt werden. Es kann also nicht nur um Windränder und LNG-Häfen gehen; es muss auch um Kraftwerke gehen. Kernkraftwerke müssen wieder angedacht, geplant, gebaut werden. Autobahnen müssen gebaut werden, und zwar flott. Schienenwege müssen gebaut werden, Flughäfen, und zwar da, wo sie fehlen; teilweise haben wir ja zu viele. Alles muss viel flotter gehen, damit Deutschland nicht weiter ins Abseits gerät. Wir waren mal Planungsweltmeister, Pünktlichkeitsweltmeister, Exportweltmeister, und nun liegt alles danieder.",144,-1,-1_euro_energiewende_co2_deutschland,"['euro', 'energiewende', 'co2', 'deutschland', 'milliarden euro', 'bürger', 'bundesregierung', 'politik', 'präsidentin', 'klima']",0.0
1340,1491,bt,sp20_14111,2023-04-27, Karsten Hilse,"Die Übernahme des größten Wärmepumpenherstellers in Deutschland durch eine amerikanische Firma zeigt sehr deutlich, warum die Menschen gezwungen – gezwungen! – werden sollen, Wärmepumpen in ihre Häuser einzubauen. Offensichtlich geht es unter anderem darum, so viel Geld wie möglich aus Deutschland in verschiedene Kanäle in den USA zu lenken, also nicht deutsche, sondern amerikanische Interessen zu vertreten. Das grenzt an Verrat. Aber selbst wenn es um die vermeintliche Rettung des Klimas ginge: Deutschland hat praktisch keinen Einfluss darauf. Selbst wenn Ihre Hypothese stimmte, dass die menschengemachten CO2-Emissionen das Klima maßgeblich beeinflussen, und die schlimmsten Annahmen zuträfen, würde nach den Formeln des selbsternannten Weltklimarates Deutschland, wenn es von heute auf morgen kein Gramm CO2 mehr ausstieße, die vermutete Erwärmung rein rechnerisch um nur 0,00056 Grad Celsius verringern.",126,-1,-1_euro_energiewende_co2_deutschland,"['euro', 'energiewende', 'co2', 'deutschland', 'milliarden euro', 'bürger', 'bundesregierung', 'politik', 'präsidentin', 'klima']",0.0
1941,2200,ep,eu9_57642,2020-01-15,Sylvia Limmer,"Ebenso, dass viele Flächen dabei dauerhaft versiegelt werden, was sie nicht davon abhält, mit verlogener Inbrunst eine bessere Zertifizierung von Produkten ohne Entwaldung zu fordern. Darf ich lachen? Einerseits wird die Übernutzung der Meere beklagt, eine Beeinträchtigung von Küstenregionen beweint, andererseits schwadroniert der Grüne Deal von der großen Bedeutung der Meere für den Bau von Offshore-Windindustrieanlagen. Und diejenigen, die einst ein Verbot von Cadmium und Blei in Solarmodulen oder Schwefelhexafluorid nicht verhindert haben, greinen heute über den Einsatz von Pestiziden und sind auch die Gleichen, die nicht im Mindesten mit der Wimper zucken, wenn für den Abbau von seltenen Erden – in Batterien zum Beispiel – hochradioaktives Thorium und andere toxische Abraumprodukte in China anfallen, und jammern stattdessen in altbewährter Manier über die angeblichen Belastungen für die biologische Vielfalt durch den Klimawandel.",132,0,0_deutschland_co2_energiewende_kernenergie,"['deutschland', 'co2', 'energiewende', 'kernenergie', 'gas', 'kernkraftwerke', 'kohlekraftwerke', 'emissionen', 'grüne', 'gigawatt']",1.0
822,973,bt,sp20_1774,2022-10-20, Karsten Hilse,"Im deutschen Interesse wäre es, ohne ideologische Scheuklappen alle uns zur Verfügung stehenden Energiequellen zu nutzen: Kernenergie, Kohle und heimische Schiefergasvorkommen. Im deutschen Interesse wäre es, die Sanktionen zu beenden und Nord Stream 2 zu öffnen. Und im deutschen Interesse wäre es, endlich dieser Klimareligion abzuschwören und die falschen Propheten in die Wüste zu schicken. Vielen Dank.",57,0,0_deutschland_co2_energiewende_kernenergie,"['deutschland', 'co2', 'energiewende', 'kernenergie', 'gas', 'kernkraftwerke', 'kohlekraftwerke', 'emissionen', 'grüne', 'gigawatt']",1.0
1013,1164,bt,sp20_6215,2022-04-29, Dr. Rainer Kraft,"Ihr Gesetzentwurf legt nun dar, wie und wann Sie Besitzer kritischer Infrastruktur unter Treuhandverwaltung stellen und/oder enteignen können. Die notwendige Bedingung dazu lautet – Zitat –: wenn dem Sektor Energie dienende Aufgaben nicht erfüllt werden und eine Beeinträchtigung der Versorgungssicherheit droht. – Herzlichen Glückwunsch, Herr Staatssekretär! Sie können damit am ersten Tag nach Inkrafttreten dieses Gesetzes sämtliche Wind- und Photovoltaikanlagen in Deutschland unter Treuhand stellen oder enteignen; denn diese erfüllen ihre „im Sektor Energie dienenden Aufgaben“ niemals zufriedenstellend, und sie gefährden die Versorgungssicherheit in Deutschland permanent. Aber all Ihre staatliche Planwirtschaft bringt an dieser Stelle gar nichts. Es handelt sich nämlich um einen Systemfehler dieser minderwertigen Energieerzeugungsmethoden. Die AfD hat immer davor gewarnt. Nun geht die Energiewendesaat auf, das heißt: Nein, sie geht noch nicht auf, sie keimt gerade erst einmal.",134,-1,-1_euro_energiewende_co2_deutschland,"['euro', 'energiewende', 'co2', 'deutschland', 'milliarden euro', 'bürger', 'bundesregierung', 'politik', 'präsidentin', 'klima']",0.0
976,1127,bt,sp20_5143,2022-05-31, Wolfgang Wiehle,"Sehr geehrter Herr Präsident! Kolleginnen und Kollegen! Der Schutz unserer Lebensgrundlagen ist Heimatschutz und schon dadurch ein Grundanliegen konservativer Politik. Er gerät zum Leidwesen von Millionen Menschen immer mehr in den Würgegriff der grundfalschen Energiewendepolitik. Auch wenn Ihr Haus, Frau Ministerin, einige Themen an Ihren Kollegen Habeck abgegeben hat, bleiben Sie zuständig für den Immissionsschutz und den Naturschutz. Im Sinne zahlloser Betroffener fordere ich Sie an dieser Stelle dazu auf, bei den Abstandsregeln für Windindustrieanlagen Härte zu zeigen. Die Beratungen im Haushaltsausschuss haben offengelegt, dass die Koalition darüber streitet. Je näher die Windräder an die Wohnhäuser rücken, desto größer wird die Belastung durch Schall und Schattenwurf. Das Landschaftsbild wird vielerorts durch die Verspargelung zerstört.",114,6,6_windindustrieanlagen_windkraftanlagen_industrieanlagen_wohnhäusern,"['windindustrieanlagen', 'windkraftanlagen', 'industrieanlagen', 'wohnhäusern', 'photovoltaikanlagen', 'naturschutz', 'vögel', 'wäldern', 'bläst sonne', 'monsteranlagen']",1.0
1028,1179,bt,sp20_6555,2022-04-27, Karsten Hilse,"So wie die Kirche im Mittelalter die Menschen mit dem Fegefeuer in Angst und Schrecken versetzte, so sind es heute Weltuntergangspropheten, die grünen Kommunisten, die die Menschen mittels Angst umerziehen wollen. Könnte man das Wort „Weltuntergang“ steigern, würde das IPCC genau das tun. Da das nicht geht, beschränkt es sich darauf, die zukünftige Welt in immer düstereren Farben zu malen – und das unverdrossen immer und immer wieder. Die grünen Kommunisten, ihre Mitläufer und die von ihnen gesteuerten Leitmedien gewähren diesem wissenschaftlich verbrämten Unsinn jedes Mal wieder ein Riesenpodium und posaunen alles ungeprüft in die Welt. Sie nutzen die Klimaideologie – ich sagte es bereits vor drei Jahren – als ein Vehikel, um letztendlich sozialistisch-kommunistische Verhältnisse einzuführen, mit all den Annehmlichkeiten, die Sozialismus immer und überall mit sich brachte: Verelendung, Unfreiheit, Umerziehung von Menschen zu obrigkeitshörigen Sklaven, Millionen Tote.",141,-1,-1_euro_energiewende_co2_deutschland,"['euro', 'energiewende', 'co2', 'deutschland', 'milliarden euro', 'bürger', 'bundesregierung', 'politik', 'präsidentin', 'klima']",0.0
462,462,bt,sp19_2627,2020-01-31,Steffen Kotré,"Deutschland macht sich lächerlich, wenn es sich dadurch ein gutes Gewissen machen möchte, dass Atom- und Kohlekraftwerke stillgelegt werden und gleichzeitig Strom, der aus denselben Energieträgern erzeugt worden ist, aus den Nachbarländern importiert wird.",34,0,0_deutschland_co2_energiewende_kernenergie,"['deutschland', 'co2', 'energiewende', 'kernenergie', 'gas', 'kernkraftwerke', 'kohlekraftwerke', 'emissionen', 'grüne', 'gigawatt']",1.0
475,475,bt,sp19_2721,2020-03-05,Bruno Hollnagel,"Mittlerweile ist das EEG zu einem kaum beherrschbaren Monster geworden. Zudem stellt der Bundesrechnungshof dem Steuerungsmechanismus, der Koordination und der Umsetzung der Energiewende ein schlechtes Zeugnis aus. sie werden bis einschließlich dieses Jahr 407 Milliarden Euro ausmachen. Hinzu kommen die Kosten für die Energiewende; sie wird laut BDI bis zum Jahr 2050 etwa 2 300 Milliarden Euro kosten. Negativ zu Buche schlagen natürlich auch die Risiken, die durch Flatterstrom entstehen, die Gefahren einer Dunkelflaute und – last, but not least – die 700 Rotmilane, die jährlich sterben, die 200 000 Fledermäuse und die 3 600 zerschredderten Insekten.",97,-1,-1_euro_energiewende_co2_deutschland,"['euro', 'energiewende', 'co2', 'deutschland', 'milliarden euro', 'bürger', 'bundesregierung', 'politik', 'präsidentin', 'klima']",0.0
86,86,bt,sp19_494,2018-07-03,Marc Bernhard,"Diese Zeilen aus einem Protestlied der 80er-Jahre dürften Ihnen noch im Ohr klingen, liebe Grünen. Die Geschichte des Käfers, der beim Bau einer Autobahn weichen musste, ging damals durchs ganze Land. Käferchen Karl würde sich heute allerdings im Grabe umdrehen, wenn er erleben müsste, wie Sie den Umweltschutz zugunsten einer hanebüchenen Klimapolitik verraten und verkauft haben. Bestes Beispiel ist die unübersehbare Verspargelung unserer Heimat mit sogenannten Windkraftanlagen. Pro Anlage werden allein für die Fundamente bis zu 180 Tonnen Stahlgeflecht in den Boden gesetzt und mit bis zu 1 300 Kubikmetern Stahlbeton ausgegossen – eine unvorstellbare Menge. Nehmen wir nur einmal einen Mittelwert von 1 000 Kubikmetern pro Windrad an, so haben unsere sogenannten Klimaschützer, also Sie, eine 6 860 Kilometer lange vierspurige Autobahn unter die Erde gelegt. Und was würde er wohl zur deutschen Klimapolitik sagen? Deutschland hat seine selbstgesteckten Ziele nicht erreicht. Na und?",145,6,6_windindustrieanlagen_windkraftanlagen_industrieanlagen_wohnhäusern,"['windindustrieanlagen', 'windkraftanlagen', 'industrieanlagen', 'wohnhäusern', 'photovoltaikanlagen', 'naturschutz', 'vögel', 'wäldern', 'bläst sonne', 'monsteranlagen']",1.0
1662,1921,bt,sp20_25618,2024-01-19,Albrecht Glaser,"Frau Präsidentin! Meine Damen und Herren! Aldous Huxley, ein ähnlich großer Kopf wie sein Freund Orwell, hat im letzten Jahrhundert sinngemäß gesagt: Wenn wir das Bevölkerungsproblem nicht lösen, werden alle unsere anderen Probleme unlösbar. – Hoimar von Ditfurth hat in den 80er-Jahren geschrieben – ich zitiere mit Erlaubnis der Präsidentin –: Wir müssen uns dessen bewusst sein, dass in den Medien präsentierte Katastrophenszenarien wie Klimawandel und Nahrungsmittelkrisen ausnahmslos Sekundärprobleme sind. Zitat Ende. Zu Beginn des letzten Jahrhunderts betrug die Weltbevölkerung rund 1,5 Milliarden Menschen – nicht viel mehr als 1800 –, 1925, zu Huxleys Zeit, 2 Milliarden, 1960 3 Milliarden, 2000 6 Milliarden, 2023 8 Milliarden, und in der mittleren Prognosevariante der UN für 2050 beträgt sie 10 Milliarden. Allein die Bevölkerung Afrikas wird sich von 1,3 Milliarden in der Jetztzeit bis 2050 auf 2,5 Milliarden verdoppeln.",137,2,2_klimawandel_klima_klimawandels_wissenschaftler,"['klimawandel', 'klima', 'klimawandels', 'wissenschaftler', 'menschengemacht', 'erwärmung', 'hypothese', 'natürlich', 'millionen jahren', 'klimakatastrophe']",0.6434113291009258
1454,1605,bt,sp20_17973,2024-11-13,Dr. Alice Weidel,"Die Energiewende und der Subventionsirrsinn um die sogenannten erneuerbaren Energien, der überstürzte Ausstieg aus der Kernkraft, die CO2-Abgabe, der planwirtschaftliche Krieg gegen die deutsche Automobilindustrie, die Bekämpfung der weltweit führenden Motorentechnologie und Elektroauto-Planwirtschaft, die Eurorettungspolitik und die daraus entstandene Inflation: alles Union. Die Bürger haben auch nicht vergessen, wie Sie von der Union vor gerade mal drei Jahren mit Diffamierungen gegen Ungeimpfte das Land gespalten haben. „Kein Ungeimpfter mehr im Büro“ von Friedrich Merz, „Lockdown für Ungeimpfte“ und „Impfen als moralische Verpflichtung“ von Markus Söder und „die Pandemie der Ungeimpften“ und „Ungeimpfte vom öffentlichen Leben ausschließen“ von Jens Spahn: Das alles wurde von Ihnen mitgetragen und eingeläutet. Nicht zu vergessen: die Öffnung der deutschen Grenzen für regellose, illegale Migration durch den Willkommensputsch 2015 – die Mutter aller Sünden an unserem Land.",141,-1,-1_euro_energiewende_co2_deutschland,"['euro', 'energiewende', 'co2', 'deutschland', 'milliarden euro', 'bürger', 'bundesregierung', 'politik', 'präsidentin', 'klima']",0.0
997,1148,bt,sp20_5787,2022-05-13, Jan Wenzel Schmidt,"Die Steuersenkung wird bei denen, die es am meisten benötigen, wie immer nicht ankommen. Die Regierung hat ein soziales Herz für Großkonzerne, aber nicht für die Mehrheit der Bürger. Mit uns als sozialer Partei hätte es so etwas nicht gegeben. Soziale Politik bedeutet auch, sozial zu handeln. Wir hätten es erst gar nicht zu diesen Belastungen kommen lassen. Seit Jahren stehen wir für eine bezahlbare Energiepolitik. Als wir uns für den Fortbestand von Kern- und Kohlekraftwerken eingesetzt haben, waren Sie aus Klimahysterie dagegen. Nachdem Deutschland dank der CDU unter Merkel aus der Kernkraft ausgestiegen ist, will ausgerechnet die CDU die Kernkraft zurück. Die Ampel betreibt mit der dreimonatigen Steuersenkung nur Augenwischerei; denn auch in drei Monaten wird der schreckliche Krieg in der Ukraine nicht zu Ende sein. Die Preise werden weiterhin steigen, und das Geld unserer Bürger wird weniger. Echte soziale Politik wäre eine spürbare Steuerentlastung.",146,-1,-1_euro_energiewende_co2_deutschland,"['euro', 'energiewende', 'co2', 'deutschland', 'milliarden euro', 'bürger', 'bundesregierung', 'politik', 'präsidentin', 'klima']",0.0
1843,2102,ep,eu9_34548,2022-03-09,Sylvia Limmer,"Statt der von mir geforderten Zertifizierung des CO2-Fußabdrucks von Batterien bis Mitte 2023 soll es lediglich bei einer CO2-Deklaration ein Jahr später bleiben. Seltsam für eine E-Mobilität, die von sich behauptet, CO2-frei zu sein! Dass man den enormen ökologischen Schäden, aber auch den absehbaren ökonomischen Abhängigkeiten mit einer Recyclingquote beikommen will, ist maximal als netter Versuch zu werten. Eine Studie kam zum Schluss: Wollte man die 32 Millionen britischer Fahrzeuge elektrifizieren, bräuchte man das Doppelte der Weltproduktion bei Kobalt und 75 Prozent der weltweiten Lithiumproduktion. Weltweit werden aber jährlich 56 Millionen Autos produziert. Außerdem befinden sich laut Analyse des Fraunhofer-Instituts vom November 2021 sämtliche Recyclingverfahren noch in den Pilotphasen und produzieren als extrem energieintensive Verfahren selbst große Mengen an CO2 und giftigen Abfallprodukten.",123,3,3_autoindustrie_synthetische kraftstoffe_elektromobilität_emissionen,"['autoindustrie', 'synthetische kraftstoffe', 'elektromobilität', 'emissionen', 'co2 emissionen', 'sogenannten verkehrswende', 'elektroautos', 'ideologische verkehrswende', 'verbrennungsmotoren', 'fahrzeuge']",0.5220334902161187
92,92,bt,sp19_508,2018-07-03,Tino Chrupalla,"Der deutsche Dämmwahn wurde von höchsten Kreisen aus CDU und SPD mit Kampagnen wie „Dämmen lohnt sich“ gefördert. Auch Zocker aus Übersee wie BlackRock haben entdeckt, dass man aus der Energiewende in Deutschland Profit schlagen kann. Die Achillesferse des Deutschen ist seine Liebe zur Natur. Dies wissen offenbar diejenigen, die die Energiewende in Deutschland zur nationalen Aufgabe erklären und den gutgläubigen Deutschen mit grüner Rhetorik das Geld aus der Tasche ziehen. Tatsächlich gibt es aber kaum etwas, das ökologisch weniger Sinn macht als die CO 2 -Gebäudesanierung.",89,-1,-1_euro_energiewende_co2_deutschland,"['euro', 'energiewende', 'co2', 'deutschland', 'milliarden euro', 'bürger', 'bundesregierung', 'politik', 'präsidentin', 'klima']",0.0
1439,1590,bt,sp20_17612,2024-12-06,Marc Bernhard,"Es war vorher auch völlig klar, dass Ihr Heizungshammer absolut wirkungslos ist; denn selbst die optimistischsten Schätzungen des Habeck-Ministeriums gehen von einer jährlichen Einsparung von gerade mal einem einzigen Prozent der gesamten deutschen CO2-Emissionen aus – also die CO2-Menge, die China in gerade mal fünf Stunden in die Luft bläst. Und dafür zerstören Sie die Ersparnisse, die Altersvorsorge und den Wohlstand der Menschen in unserem Land? Wie wahnsinnig sind Sie eigentlich? Hätten Sie gar nichts gemacht, sondern einfach nur die letzten drei Kernkraftwerke weiterlaufen lassen, würden wir jedes Jahr – hören Sie mal zu! – 15 Millionen Tonnen CO2 einsparen, also doppelt so viel wie durch Ihren gesamten Heizungshammer.",109,-1,-1_euro_energiewende_co2_deutschland,"['euro', 'energiewende', 'co2', 'deutschland', 'milliarden euro', 'bürger', 'bundesregierung', 'politik', 'präsidentin', 'klima']",0.0
637,637,bt,sp19_3954,2021-03-25,Andreas Mrosek,Tagebaurestlöcher müssen miteinander verbunden werden; sie können diesen Regionen eine neue Zukunft geben. Genau hier sind die Kohleausstiegsmilliarden angebracht und richtig eingesetzt.,22,0,0_deutschland_co2_energiewende_kernenergie,"['deutschland', 'co2', 'energiewende', 'kernenergie', 'gas', 'kernkraftwerke', 'kohlekraftwerke', 'emissionen', 'grüne', 'gigawatt']",1.0
1076,1227,bt,sp20_7758,2022-03-17,Steffen Kotré,"Anders als behauptet gibt es keine Abschaffung des EEGs, sondern lediglich eine Verlagerung. Die Kilowattstunde kostet bei Kohle 3 Cent, und die bei Sonne und Wind ist viel, viel teurer.",30,-1,-1_euro_energiewende_co2_deutschland,"['euro', 'energiewende', 'co2', 'deutschland', 'milliarden euro', 'bürger', 'bundesregierung', 'politik', 'präsidentin', 'klima']",0.0
1885,2144,ep,eu9_43027,2021-06-24,Sylvia Limmer,"Sehr geehrte Frau Präsidentin, werte Kollegen! Ich lehne das Klimagesetz ab als einen Eckpfeiler des neuen politischen Glaubensdiktums, bei dem schon lange nicht mehr der Mensch und sein Wohlergehen im Zentrum stehen. Und das bedeutet gleichzeitig die endgültige Verabschiedung von einer wie auch immer gearteten Realpolitik. Ich habe daher einen Änderungsantrag mit der Ablehnung des Europäischen Klimagesetzes eingebracht. Nicht, dass ich mir auch nur ansatzweise Illusionen darüber mache – dieser Antrag wird in diesem Haus wenig Zustimmung finden. Dennoch nutze ich hier die Gelegenheit zu einer Begründung, einem Warum. Basierend auf strittigen Prinzipien wie dem ausschließlich anthropogenen Klimanotstand und der wissenschaftlich nicht bewiesenen, aber politischen These von CO2 als dem alleinigen Klimatreiber wird mit völlig inadäquaten Methoden die CO2-Reduktion mit fast kindlichem, religiösem Eifer betrieben.",125,-1,-1_euro_energiewende_co2_deutschland,"['euro', 'energiewende', 'co2', 'deutschland', 'milliarden euro', 'bürger', 'bundesregierung', 'politik', 'präsidentin', 'klima']",0.0
252,252,bt,sp19_1410,2019-05-09,Marc Bernhard,"Egal wie viele Kohlekraftwerke wir abschalten und vor allem wie hoch die CO 2 -Steuer wäre: Wir erreichen damit nichts, rein gar nichts, außer eine noch höhere Belastung der Menschen, eine massive Wettbewerbsverzerrung gegenüber Ländern wie China und dadurch die Zerstörung von Millionen von Arbeitsplätzen in unserem Land.",48,0,0_deutschland_co2_energiewende_kernenergie,"['deutschland', 'co2', 'energiewende', 'kernenergie', 'gas', 'kernkraftwerke', 'kohlekraftwerke', 'emissionen', 'grüne', 'gigawatt']",1.0
650,650,bt,sp19_4047,2021-04-22,Marc Bernhard,"Frau Präsidentin! Meine Damen und Herren! Schon vor der Coronakrise hat die grüne Klimahysterie zu massivem Stellenabbau, Wohlstandsverlust und der Abwanderung von Unternehmen geführt. Vor allem hat diese Hysterie die Bürger und die Wirtschaft Unmengen an Geld gekostet – genau das Geld, das den Menschen jetzt in der Krise fehlt –, nämlich 500 Milliarden Euro für nutzlose Dämmmaßnahmen, für die höchsten Strompreise der Welt, für eine Steuer auf das Leben – auch „CO Nun wollen Sie von den Grünen Ihren Klimairrsinn auch noch als kommunalen Konjunkturmotor verkaufen, also Feuer mit Benzin löschen. Kommunale Unternehmen, also bereits mit Steuergeldern subventionierte Staatsbetriebe, sollen finanziell noch weiter unterstützt werden. Der Staat soll also noch mehr Geld der Bürger verkonsumieren. Was soll denn das bitte für ein Konjunkturprogramm sein? Nicht die Staatswirtschaft, sondern die hart arbeitenden Menschen sind der Motor der Wertschöpfung in Deutschland.",141,-1,-1_euro_energiewende_co2_deutschland,"['euro', 'energiewende', 'co2', 'deutschland', 'milliarden euro', 'bürger', 'bundesregierung', 'politik', 'präsidentin', 'klima']",0.0
1194,1345,bt,sp20_10112,2023-10-12,Steffen Kotré,"Nur Deutschland ist so dumm, eine solche Politik zu verfolgen, weltweit Märkte aufzugeben, den Konsum zu subventionieren, anstatt Investitionen zu tätigen und Steuergelder ins Ausland zu transferieren. Herr Kleebank, Sie haben vorhin gesagt, Sie hätten Angst, dass die Fossilen weiterhin wettbewerbsfähig bleiben, und deswegen lehnen Sie diese CO2-Abscheidung auch ab. Das lässt tief blicken. Aber Sie haben es ja schon gesagt: Die Fossilen sind wettbewerbsfähiger als Sonne- und Windstrom. Vermutlich wollen Sie nur Sonne- und Windstrom haben, wie es heute schon angeklungen ist. Das unterstützen Sie, und das ist natürlich grundfalsch. Deswegen ist es auch falsch, wenn Sie immer von Technologieoffenheit reden. Genau an dieser Stelle wird das entlarvt. Weiter zum Antrag der CDU/CSU. Sie schreiben hier: „Die Versorgung mit bezahlbarer Energie muss gesichert und zugleich die Entwicklung hin zu einer klimaneutralen Volkswirtschaft … vorangetrieben werden.“",138,-1,-1_euro_energiewende_co2_deutschland,"['euro', 'energiewende', 'co2', 'deutschland', 'milliarden euro', 'bürger', 'bundesregierung', 'politik', 'präsidentin', 'klima']",0.0
1822,2081,ep,eu9_29445,2022-07-05,Gunnar Beck,"Der EU Green Deal und das Programm Fit for 55 sehen vor, dass die EU bis 2050 klimaneutral werden muss. Das wird natürlich seine Folgen für Investitionen haben. Europäische Finanzinstitute und Unternehmen werden massiv in nachhaltige Technologien investieren müssen. Aber wer entscheidet, was nachhaltig ist und was nicht? Hier kommt die EU-Taxonomie ins Spiel: Sie klassifiziert alle möglichen Wirtschaftstätigkeiten in der EU nach ihrer ökologischen Nachhaltigkeit. Die Kommission schlug vor, Gas und Kernenergie als Übergangsenergiequellen zur Erreichung der CO2-Neutralität in die Taxonomie aufzunehmen. Das Europäische Parlament lehnt diese Einbeziehung entschieden ab und stimmt nun gegen die Einbeziehung von Gas und Kernenergie. Das bedeutet, dass man nicht mehr in diese Energiequellen investieren kann. Die AfD ist der festen Überzeugung, dass Gas und Atomkraft Teil der Lösung für eine grünere Wirtschaft sind, nicht Teil des Problems.",134,0,0_deutschland_co2_energiewende_kernenergie,"['deutschland', 'co2', 'energiewende', 'kernenergie', 'gas', 'kernkraftwerke', 'kohlekraftwerke', 'emissionen', 'grüne', 'gigawatt']",0.8395970374794688
1878,2137,ep,eu9_41149,2021-09-15,Jörg Meuthen,"Immer mehr Menschen können sich den Strom, das Heizen oder das Benzin für den Weg zur Arbeit gar nicht mehr leisten. Ein bitterer Vorgeschmack für unsere Nachbarländer. Ja, hören Sie gut zu, mit dem Green Deal kommt das auf Ihre Länder auch zu, verehrte Kollegen. Frau Kommissionspräsidentin, ich sage es Ihnen in aller Deutlichkeit: Sie, die EU und ganz besonders unser Heimatland Deutschland befinden sich auf einem kapitalen und historischen Irrweg. Wenn Europa als prosperierender, wirtschaftlich erfolgreicher Kontinent erhalten bleiben und gleichzeitig Ihr Ziel einer massiven CO2-Reduktion erreicht werden soll, dann geht das weder mit planwirtschaftlichen Experimenten der EU—Kommission noch mit pseudoökologischen Ansätzen der sogenannten Grünen, die unsere Landschaft mit Tausenden von Windrädern als Sakralbauten ihrer grünen Glaubensbekenntnisse zerstören. Damit steuern wir nur auf Blackouts und auf Energierationierung zu. Sondern: Das geht parallel überhaupt nur mit Hightech.",137,0,0_deutschland_co2_energiewende_kernenergie,"['deutschland', 'co2', 'energiewende', 'kernenergie', 'gas', 'kernkraftwerke', 'kohlekraftwerke', 'emissionen', 'grüne', 'gigawatt']",0.7512482040085309
243,243,bt,sp19_1381,2019-05-09,Karsten Hilse,"Alle Parteien in den Industriestaaten, ob links oder rechts, werden die CO 2 -Erderwärmungstheorie übernehmen. Dies ist eine einmalige Chance, die Luft zum Atmen zu besteuern. Weil sie damit angeblich die Welt vor dem Hitzetod bewahren, erhalten die Politiker dafür auch noch Beifall. Keine Partei wird dieser Versuchung widerstehen.",49,2,2_klimawandel_klima_klimawandels_wissenschaftler,"['klimawandel', 'klima', 'klimawandels', 'wissenschaftler', 'menschengemacht', 'erwärmung', 'hypothese', 'natürlich', 'millionen jahren', 'klimakatastrophe']",0.7301168062485336
669,671,bt,sp19_12,2021-05-20 00:00:00,Andreas Bleck,"Werter Herr Präsident! Werte Kolleginnen und Kollegen! Naturschutz ist Klimaschutz, und Klimaschutz ist Naturschutz – das behaupten jedenfalls die Grünen. Bei der Energiewende gibt es jedoch ein Spannungsfeld zwischen beiden. Windkraftanlagen töten Vögel, Fledermäuse und Insekten, Wasserkraftwerke stellen für Fische eine Barriere dar, und Biogaskraftwerke verwandeln die Kulturlandschaft in insektenschädliche Energiemais-Monokulturen. Nein, werte Kolleginnen und Kollegen, der real existierende Klimaschutz ist kein Naturschutz, und die Grünen sind keine Naturschutzpartei. Doch das heißt im Umkehrschluss natürlich nicht, dass man den von den Grünen geforderten natürlichen Klimaschutz pauschal ablehnen muss. Denn einige Forderungen wie der Ankauf von Flächen innerhalb oder im direkten Umfeld von Schutzgebieten für die Renaturierung oder die Wiedervernässung von Mooren sind unterstützenswert. Andere Forderungen sind es hingegen nicht.",119,-1,-1_euro_energiewende_co2_deutschland,"['euro', 'energiewende', 'co2', 'deutschland', 'milliarden euro', 'bürger', 'bundesregierung', 'politik', 'präsidentin', 'klima']",0.0
700,747,bt,sp19_198,2021-06-24 00:00:00,Karsten Hilse,"Schon heute muss die Novelle zum sogenannten Klimaschutzgesetz durchgepeitscht werden, schnell noch in den Bundesrat und zum Bundespräsidenten. Dann ist uns wieder ein Riesenstück Freiheit genommen worden, sind Hunderte Milliarden völlig unnützer Kosten ohne jedweden Nutzen fürs Klima, für die Menschen im Lande, die das Ganze auch noch bezahlen müssen, festgezurrt – ein weiterer Stein auf dem Weg in Unfreiheit und Armut. Sie wissen, dass es schon lange nicht mehr ums Klima, um Klimaschutz geht. Oder wollen Sie es gar nicht wissen? Selbst die ohne eigenes Wissen hätten sich beispielsweise bei der öffentlichen Anhörung zu ebendieser Novelle schlaumachen können. Dort trat einer der weltbesten Physiker in Bezug auf Interaktion von Strahlung und Materie, also genau den Grundlagen der Atmosphärenphysik, wie sie für das Klima anzuwenden sind, auf.",127,0,0_deutschland_co2_energiewende_kernenergie,"['deutschland', 'co2', 'energiewende', 'kernenergie', 'gas', 'kernkraftwerke', 'kohlekraftwerke', 'emissionen', 'grüne', 'gigawatt']",1.0
1785,2044,ep,eu9_16896,2023-04-20,Sylvia Limmer,"Weil die Computermodelle des IPCC – einer politischen Organisation, die gegründet wurde, um den menschengemachten Klimawandel zu beweisen – viel von einer prophetischen Kristallkugel haben. Sie funktionieren nämlich nach dem Prinzip garbage in, garbage out, sind also nur so schlau wie der Programmierer und spucken, gefüttert mit den Daten des CO2-Endzeitmoleküls, brav die gewünschten Klimakatastrophen aus. Aber sie scheitern regelmäßig – und das ausnahmsweise auch sehr zuverlässig – an der Berechnung des Klimas von gestern und vorgestern, wie übrigens jeder anständige Wahrsager. Und mehr muss man nicht wissen.",88,2,2_klimawandel_klima_klimawandels_wissenschaftler,"['klimawandel', 'klima', 'klimawandels', 'wissenschaftler', 'menschengemacht', 'erwärmung', 'hypothese', 'natürlich', 'millionen jahren', 'klimakatastrophe']",1.0
1953,2212,ep,eu9_63016,2019-09-17,Sylvia Limmer,"Während sich also die Klimaoberaufseher in den schönsten Urlaubszielen versammeln – Marrakesch, Lima in Peru, Südafrika, Bali 2007 und so weiter und so fort – und dabei immer neue Horrorszenarien am dräuenden Horizont entdecken, sorgen sie zu Hause dafür, dass dem Bürger Flugreisen immer unmöglicher werden, Autos als Mittel der freien individuellen Fortbewegung eingeschränkt werden und natürlich das böse Fleischessen verboten wird – um nur einiges zu nennen. Übrigens, falls es diesbezüglich Fragen gibt: Ja, ich bin dieses Mal im Dezember in Chile dabei, aber CO2 ist dort ganz sicher nicht mein größtes Problem. Vielen Dank, sehr geehrtes EU-Publikum, für heute habe ich fertig.",104,-1,-1_euro_energiewende_co2_deutschland,"['euro', 'energiewende', 'co2', 'deutschland', 'milliarden euro', 'bürger', 'bundesregierung', 'politik', 'präsidentin', 'klima']",0.0
524,524,bt,sp19_3149,2020-09-17,Marc Bernhard,"Herr Präsident! Sehr geehrte Kollegen! 4 000 Euro muss eine vierköpfige Familie jedes Jahr für Ihre Idee, dass Deutschland im nationalen Alleingang die Welt retten könnte, bezahlen. Allein für Ihre sogenannte Energiewende wird jede vierköpfige Familie bis zum Jahr 2025  25 000 Euro bezahlt haben. Und wofür das Ganze? Dafür, dass sich der CO Ihr eigenes Pariser Klimaabkommen macht endgültig eindrücklich klar, dass all Ihre Belastungen der Bürger für das Weltklima völlig nutzlos sind; denn der deutsche Anteil am menschengemachten CO Trotzdem sind Ihnen die ganzen Belastungen der Menschen immer noch nicht genug. Sie fabulieren gemeinsam mit Frau von der Leyen über einen sogenannten Green Deal, der die Menschen in der EU 3 000 Milliarden Euro kosten soll. Das bedeutet für eine vierköpfige Familie in Deutschland noch mal eine zusätzliche weitere sinnlose Belastung von 4 000 Euro pro Jahr für Ihre Klimahysterie.",142,-1,-1_euro_energiewende_co2_deutschland,"['euro', 'energiewende', 'co2', 'deutschland', 'milliarden euro', 'bürger', 'bundesregierung', 'politik', 'präsidentin', 'klima']",0.0
1006,1157,bt,sp20_5956,2022-05-12, Dr. Rainer Kraft,"Den Bürgern raten Sie zum Energiesparen, während Sie weiter fleißig teures russisches Gas statt günstiger deutscher Kohle verheizen. Ihr Gesetzentwurf ist wie Ihre Energiepolitik ein beeindruckendes Eingeständnis des Scheiterns. Fast möchte man daher die Bürger dazu auffordern, in warme Wolldecken zu investieren, brächte dies den Bürgern doch mehr Versorgungssicherheit als Ihre Energiepolitik. Und Sie selbst? Sie selbst lassen uns in Ihrer Entschließung wissen, dass Gas bei der Vermeidung eines Blackouts höchste Priorität hat. Auf Ihre viel gepriesenen Erneuerbaren vertrauen Sie bei der Versorgungssicherheit Deutschlands also überhaupt nicht – die sind vollkommen nutzlos in dieser Frage, und Sie wissen das. Trotzdem investieren Sie weiter viele Milliarden Euro deutsches Steuervermögen in den Ausbau von genau diesem Schrottstrom.",115,-1,-1_euro_energiewende_co2_deutschland,"['euro', 'energiewende', 'co2', 'deutschland', 'milliarden euro', 'bürger', 'bundesregierung', 'politik', 'präsidentin', 'klima']",0.0
610,610,bt,sp19_3724,2021-01-13,Steffen Kotré,"Sehr geehrter Herr Präsident! Sehr geehrte Damen und Herren! Sehr geehrter Herr Staatssekretär Bareiß! 2020 war leider kein Erfolgsjahr. 20 Jahre gibt es die Energiewende jetzt schon, und sie muss immer noch subventioniert werden. Also, was daran ein Erfolgsjahr sein soll, das erschließt sich mir nicht. Der Ausstieg aus der Kohle und der Ausbau der erneuerbaren Energien als Grundlage unserer Stromversorgung sind mitnichten marktwirtschaftlich, das gehört einfach zur weltdümmsten Energiepolitik, die wir hier haben – das sind nicht meine Worte, das sind die Worte des „Wall Street Journal“. Demgegenüber ist die Kohleverstromung verlässlich und günstig. Je mehr erneuerbare Energien im Stromnetz sind und je mehr sie die Kohleverstromung verdrängen, desto geringer ist leider die Versorgungssicherheit. Dennoch werden die modernsten und saubersten Kohlekraftwerke in irrationaler Art und Weise abgeschaltet, wie kürzlich in Hamburg-Moorburg.",134,-1,-1_euro_energiewende_co2_deutschland,"['euro', 'energiewende', 'co2', 'deutschland', 'milliarden euro', 'bürger', 'bundesregierung', 'politik', 'präsidentin', 'klima']",0.0
185,185,bt,sp19_964,2018-12-14,Stephan Brandner,"schlechtestenfalls wirtschaftsfeindlich und aktiv die deutschen Interessen bekämpfend. Gekrönt wird das Ganze dann nämlich noch durch unbestimmte linke Kampfbegriffe wie „Klimarelevanz“ und „Nachhaltigkeit“. Auch das sollen jetzt Klagegründe werden, also Begriffe aus dem Keller der links-grünen Ideologie. Hier werden – wir merken das alles – grün-ideologischem Irr- und Wirrsinn Tür und Tor geöffnet. Meine Damen und Herren, alle, die noch bei Sinnen sind, können diesen Antrag der Grünen daher nur ablehnen.",75,0,0_deutschland_co2_energiewende_kernenergie,"['deutschland', 'co2', 'energiewende', 'kernenergie', 'gas', 'kernkraftwerke', 'kohlekraftwerke', 'emissionen', 'grüne', 'gigawatt']",1.0
466,466,bt,sp19_2657,2020-02-13,Tino Chrupalla,"Genau so entsteht ein Klima der Angst und des Hasses: Angst davor, das Falsche zu sagen, Angst davor, die Falschen zu wählen, und der Hass auf den vermeintlichen Gegner.",29,8,8_klima_demokratie_klima geschaffen_klima angst,"['klima', 'demokratie', 'klima geschaffen', 'klima angst', 'klimahysterie', 'klimaterroristen', 'klima verantwortlich', 'politischen', 'bedrohen', 'gesellschaftliche klima']",1.0
373,373,bt,sp19_2141,2019-11-13,Leif-Erik Holm,"Vielen Dank, Frau Präsidentin. – Herr Minister, ich möchte auf die konjunkturelle Entwicklung zu sprechen kommen. Uns droht ja eine Rezession; im Industriesektor haben wir sie technisch schon. Das liegt natürlich an externen Gründen. Das liegt aber auch an vielen Dingen, die wir in unserem Land falsch machen: Wir haben eine der höchsten Steuer- und Abgabenlasten in Europa. Wir haben die höchsten Strompreise in Europa. Und das Klimapaket wird die Problematik noch verschärfen. Sie helfen leider auch dabei, den Verbrennungsmotor abzuwürgen, und beschädigen damit unsere Schlüsselindustrie.",86,-1,-1_euro_energiewende_co2_deutschland,"['euro', 'energiewende', 'co2', 'deutschland', 'milliarden euro', 'bürger', 'bundesregierung', 'politik', 'präsidentin', 'klima']",0.0
1297,1448,bt,sp20_12831,2023-06-15, Karsten Hilse,"Er konkretisiert: Wenn eine kleine elitäre Minderheit … der Gesellschaft der großen Mehrheit der Andersdenkenden ihre Werte durch Belehrungen oder Verbote aufzwingt, kann das wohl als eine Art Diktatur gewertet werden. Recht hat er. Dieser Zwang, diese Verbote betreffen natürlich uns alle. Entsprechend groß sind der Aufschrei, der Widerstand und die nachvollziehbare Wut. Diese Wut nehmen die Macher natürlich wahr. Und trotzdem bringen sie das Gesetz heute ein, faseln von ihren hochtrabenden „Leitplanken“ für das „Gebäudeenergiegesetz“ genannte Pamphlet, von einem breiten Konsens in der Gesellschaft, dass Deutschland bis 2045 klimaneutral sein solle. Der behauptete Konsens ist aber eine glatte Lüge. Klimaneutralität geht laut einer „Spiegel“-Umfrage vom 30. März 2023 inzwischen der Hälfte Deutschlands am Allerwertesten vorbei. 80 Prozent der Menschen im Land lehnen Ihren sogenannten Heizhammer ab. Und gegen diese 80 Prozent machen Sie Ihre verheerende Politik.",142,8,8_klima_demokratie_klima geschaffen_klima angst,"['klima', 'demokratie', 'klima geschaffen', 'klima angst', 'klimahysterie', 'klimaterroristen', 'klima verantwortlich', 'politischen', 'bedrohen', 'gesellschaftliche klima']",1.0
832,983,bt,sp20_2106,2022-10-13, Karsten Hilse,"Auch wir wollen billige Strom- und Gaspreise, die sich jeder leisten kann. Aber wenn der Dieb schreit: „Haltet den Dieb!“, so wie Sie jetzt, dann ist es höchste Zeit, mal wieder einen Blick in die jüngste Vergangenheit zu werfen. Angespornt von der grün-kommunistischen Ideologie, haben insbesondere Sie, die Rechtsnachfolger der kommunistischen SED, immer wieder nicht nur gefordert, sondern auch immer begeistert zugestimmt, wenn es darum ging, das Energieangebot drastisch zu verknappen und zu verteuern: Subventionierung der sogenannten Erneuerbaren, deutscher Alleingang beim Atomausstieg, die wohlstandsvernichtenden Pariser Klimabeschlüsse, die unter anderem zum Kohleausstieg führten. All diese von Ihnen bejubelten Entscheidungen führten zwangsläufig zu der jetzigen Preisexplosion. Sie sind also schuldig im Sinne der Anklage, die Sie hier vorbringen. Sie sind schuldig mit all Ihnen hier, die die dümmste Energiepolitik der Welt ausgeheckt oder mitgetragen haben.",135,0,0_deutschland_co2_energiewende_kernenergie,"['deutschland', 'co2', 'energiewende', 'kernenergie', 'gas', 'kernkraftwerke', 'kohlekraftwerke', 'emissionen', 'grüne', 'gigawatt']",1.0
445,445,bt,sp19_2515,2020-01-17,Marc Bernhard,"Genauso geht es auch den Familienvätern Wolfgang und Andreas. Beide sind Anfang 40, haben mehrere kleine Kinder und tragen Verantwortung für ihre Familien. Sie arbeiten – noch! – bei einem der vielen wichtigen Zulieferbetriebe und werden von den Auswirkungen der Klimahysterie völlig überrollt. Allein in ihrem Unternehmen wurden bereits mehr als 2 000 Kollegen auf die Straße gesetzt. Sie haben nicht nur Angst vor der Zukunft; sie stehen ganz konkret vor dem Arbeitsplatzverlust und wissen nicht, von welchem Gehalt sie morgen die Miete, den Strom oder die Monatskarte für die Kinder bezahlen sollen. Das sind die ganz realen Sorgen der Menschen in unserem Land; aber Sie ignorieren sie einfach und zerstören mit Ihrer Klimahysterie das Fundament unseres Wohlstands. Die Autoindustrie, der Antichrist der Klimasekte, sichert Millionen von Menschen in unserem Land den Arbeitsplatz.",133,-1,-1_euro_energiewende_co2_deutschland,"['euro', 'energiewende', 'co2', 'deutschland', 'milliarden euro', 'bürger', 'bundesregierung', 'politik', 'präsidentin', 'klima']",0.0
1497,1756,bt,sp20_20447,2024-09-26,Beatrix von Storch,"Guterres forderte die Mitgliedstaaten auf, zu beschließen – ich zitiere –, „dass der Generalsekretär über eine ständige Vollmacht verfügt, im Falle eines … globalen Schocks … automatisch eine Notfallplattform einzurichten …“, um „die politische Führung auf hoher Ebene zu gewährleisten“. In der Krise liegt die politische Führung der Welt in den Händen eines Mannes: des UN-Generalsekretärs. Und Krisen können viele Ursachen haben: Klima- und Umweltkrise, Pandemien, Finanzkrise, Cyberangriffe, Ereignisse im Weltraum und einfach unvorhersehbare Risiken. Der Generalsekretär soll selbst beschließen, wann diese Notfallregierung einzurichten ist, und auch, wer ihr angehört, nämlich – Zitat – „maßgebliche Akteure … einschließlich des Privatsektors, der Zivilgesellschaft, … Wissenschaftlerinnen und Wissenschaftler“. Dazu gehören ausdrücklich – Zitat – „internationale Finanzinstitutionen“, „Fonds“ und „Sonderorganisationen“.",129,0,0_deutschland_co2_energiewende_kernenergie,"['deutschland', 'co2', 'energiewende', 'kernenergie', 'gas', 'kernkraftwerke', 'kohlekraftwerke', 'emissionen', 'grüne', 'gigawatt']",0.748436838677255
506,506,bt,sp19_3023,2020-07-02,Steffen Kotré,"Denn die Strompreise schießen ja durch die Decke. Genau den entsprechenden Anteil nimmt man jetzt und versteckt ihn dann beim Steuerzahler. Noch hat der Stromkunde die Möglichkeit, auf seine Rechnung zu schauen, und er sieht dann ganz genau, wie teuer die Strompreise eigentlich sind. Aber das wird jetzt geändert. Der Steuerzahler muss bluten gerade für die überschießenden Kosten. Wir haben mit die höchsten Strompreise in der Welt. Das beschädigt unseren Standort. Wir haben schon seit 2000 eine Deindustrialisierung der stromintensiven Industrie. Schuld daran ist die Energiewende. Schuld daran sind die Windräder hier in unserem Land und die Photovoltaikanlagen, die instabilen erneuerbaren Energien.",102,0,0_deutschland_co2_energiewende_kernenergie,"['deutschland', 'co2', 'energiewende', 'kernenergie', 'gas', 'kernkraftwerke', 'kohlekraftwerke', 'emissionen', 'grüne', 'gigawatt']",0.95133553696425
146,146,bt,sp19_763,2018-11-07,Tino Chrupalla,"Herr Minister, derzeit liegt der Anteil der erneuerbaren Energien am Strommarkt bei 34 Prozent. Ihr Wunsch – den haben Sie auch heute geäußert – ist eine Erhöhung auf 65 Prozent erneuerbare Energien. Nun hat der ehemalige ifo-Präsident Hans-Werner Sinn in Bezug auf das EEG und die Umsetzung von einem Irrweg gesprochen. Er und auch der Bundesrechnungshof kritisieren immer wieder die enormen Kosten der Energiewende. Dazu hätte ich zwei Fragen.",69,-1,-1_euro_energiewende_co2_deutschland,"['euro', 'energiewende', 'co2', 'deutschland', 'milliarden euro', 'bürger', 'bundesregierung', 'politik', 'präsidentin', 'klima']",0.0
950,1101,bt,sp20_4800,2022-06-02, Wolfgang Wiehle,"Sein früherer Direktor Patrick Graichen ist heute Staatssekretär im Ministerium Habeck und wiederholt diese Forderung im Namen der Regierung. Was heißt das für unser Land? Ich nenne das „Energiewende brutal“. Wenn man später nämlich merkt, dass diese Energiewende in Richtung Steinzeit führt, ist die Brücke auf dem Rückweg schon abgerissen. Genau dieselbe Strategie verfolgt die Regierung mit der Zerstörung der CO2-freien Kernenergie. Die AfD verfolgt einen völlig anderen Weg. Wir fordern eine Energiesicherheitswende. In Zukunft muss die Energieversorgung wieder sicher sein. Dazu gehören Kernenergie, Gas, Öl und Kohle und genauso Wind und Sonne. Es darf keine Sanktionen geben, die Deutschland am meisten schaden. Wenn Ungarns Ministerpräsident Orban für seine Bürger durchsetzt, dass die EU Pipeline-Öl weiterfließen lässt, dann muss Deutschland das nutzen statt ablehnen. Ihre Haltung, Herr Minister Habeck, ist arrogant und verkauft deutsche Interessen.",137,-1,-1_euro_energiewende_co2_deutschland,"['euro', 'energiewende', 'co2', 'deutschland', 'milliarden euro', 'bürger', 'bundesregierung', 'politik', 'präsidentin', 'klima']",0.0
1931,2190,ep,eu9_52542,2020-10-06,Sylvia Limmer,"Letztes Jahr stand im Kleingedruckten der Kommission, dass 40 %Reduktion jährliche Mehrkosten von 260 Milliarden Euro für die nächsten zehn Jahre bedeuten. Nun heißt es, dass weitere, zusätzliche 350 Milliarden Euro jährlich für dieses grüne Diktat notwendig sind: jährlich 610 Milliarden Euro. Derweilen bröckeln, nein, brechen die Jobs zu Zehntausenden in der deutschen Schlüsseltechnologie, der Automobilbranche und ihren Zuliefererbetrieben, weg. Ich bin gespannt, ob das die grünen CDU/CSU-Abgeordneten der EVP-Fraktion kümmert. Als gäbe es weder Chemie noch Physik, schwafelt man von der Verbesserung der Luftqualität bei Treibhausgasreduktion und verschweigt, dass es gewaltig stinkt unter dem angeblich CO2-freien Mantel der erneuerbaren Energien, nicht nur, wenn es um die katastrophalen Abbaubedingungen – weit weg – von Lithium, Kobalt, Mangan und Co. geht. Der Kaiser ist nackt, meine Damen und Herren –, und keiner sieht hin.",134,0,0_deutschland_co2_energiewende_kernenergie,"['deutschland', 'co2', 'energiewende', 'kernenergie', 'gas', 'kernkraftwerke', 'kohlekraftwerke', 'emissionen', 'grüne', 'gigawatt']",0.6292371423215725
1237,1388,bt,sp20_11374,2023-09-07,Wolfgang Wiehle,"Wer so handelt, hat jedes moralische Recht verloren, den Menschen ihre Energie fürs Heizen, Fahren und Produzieren zu verbieten. Alleine Ihr Heizverbotsgesetz wird unvorstellbare 2 500 Milliarden Euro kosten – das teuerste Gesetz dieses Jahrtausends. Das kommende Verbrennerverbot trifft die deutsche Autoindustrie ins Mark. Ihre Energiepolitik sorgt für die höchsten Strompreise der Welt. Und jetzt wollen Sie auch noch 30 Milliarden Euro Subventionen für einen Industriestrompreis. Das ist der Gipfel der politischen Quacksalberei. Erst setzen Sie Deutschland mit Ihrer Energiewende auf eine radikale Diät. Wenn unser Land davon schwer krank wird, zücken Sie eine Steuergeldspritze. Jeder vernünftige Arzt würde – wie wir von der AfD – natürlich die Diät absetzen. Schluss also mit der gescheiterten Energiewende! Fahren wir schnellstmöglich die Kernkraftwerke wieder hoch! Auch meine bayerische Heimat braucht dringend verlässliche Energie.",131,-1,-1_euro_energiewende_co2_deutschland,"['euro', 'energiewende', 'co2', 'deutschland', 'milliarden euro', 'bürger', 'bundesregierung', 'politik', 'präsidentin', 'klima']",0.0
952,1103,bt,sp20_4812,2022-06-02, Steffen Kotré,"Sehr geehrte Frau Präsidentin! Sehr geehrte Damen und Herren! Also, wir stehen nicht vor einem Umbruch, wir stehen vor einem Zusammenbruch in der Wirtschafts- und Energiepolitik. Dieser Haushalt bedeutet leider ein Weiter-so in die Energie-, Wirtschafts- und Gesellschaftskrise hinein. Dieser Haushalt strotzt wieder nur so vor propagandistischen ideologischen Dummheiten, als könnte Deutschland als einziges Land den Klimawandel irgendwie aufhalten, meine Damen und Herren. Und was bedeutet die Propagandaformel des sogenannten Klimaschutzes? Der Klimaschutz in links-grüner Lesart wird auch bald offiziell für eine zweistellige links-grün getriebene Inflation stehen. Der sogenannte Klimaschutz steht für die höchsten Strompreise. Er steht für eine beschleunigte Deindustrialisierung und das Brechen von Versorgungsketten. Der sogenannte Klimaschutz steht für Umweltverschmutzung, Zerstörung von Grundwassersystemen, Wäldern und der Lebensgrundlage von Meerestieren.",121,-1,-1_euro_energiewende_co2_deutschland,"['euro', 'energiewende', 'co2', 'deutschland', 'milliarden euro', 'bürger', 'bundesregierung', 'politik', 'präsidentin', 'klima']",0.0
733,884,bt,sp20_54,2022-12-16,Dr. Harald Weyel,– seit 2015 durch CO2-Planwirtschaft und Pariser Abkommen auch noch mal 100 Milliarden.,13,0,0_deutschland_co2_energiewende_kernenergie,"['deutschland', 'co2', 'energiewende', 'kernenergie', 'gas', 'kernkraftwerke', 'kohlekraftwerke', 'emissionen', 'grüne', 'gigawatt']",0.6362325453083882
22,22,bt,sp19_102,2018-02-22,Dirk Spaniel,"Vielen Dank, Frau Präsidentin. – Sehr geehrte Damen und Herren! Wie heißt in Deutschland das goldene Kalb des 21. Jahrhunderts? – Klimaschutz. Wenn dieses Wort fällt, setzt jede rationale Diskussion in diesem Haus aus. Ausgehend von 1990 wollen wir den CO 2 -Ausstoß bis 2020 um 40 Prozent reduzieren. Deutschlands Anteil an den weltweiten CO 2 -Emissionen beträgt circa 2 Prozent. Mit unseren Einsparzielen können wir also circa 1 Prozent des weltweiten CO 2 -Ausstoßes beeinflussen. Selbst unter der Annahme, dass CO 2 -Emissionen tatsächlich einen Einfluss auf das Weltklima hätten, Nehmen wir einmal an, alle Bereiche außer Verkehr erfüllen die Zielvorgabe. Was bedeutet das für die Stromerzeugung? Die Summe aus Stromerzeugung und Verkehr betrug 2015 circa 500 Megatonnen CO 2 . Von unserem Einsparziel waren wir circa 90 Megatonnen CO 2 entfernt. In den letzten zwei Jahren hat man circa 9 Terawattstunden auf erneuerbare Energiequellen übertragen.",146,0,0_deutschland_co2_energiewende_kernenergie,"['deutschland', 'co2', 'energiewende', 'kernenergie', 'gas', 'kernkraftwerke', 'kohlekraftwerke', 'emissionen', 'grüne', 'gigawatt']",0.6896222751330343
1777,2036,ep,eu9_15023,2023-06-13,Sylvia Limmer,"Frau Präsidentin! Aberwitziger Ressourcenverbrauch, geostrategische Abhängigkeiten oder die ungelöste Entsorgung der sogenannten Traktionsbatterien von E-Autos sind nur einige der Probleme bei Batterien. Daher wäre mir tatsächlich an einer noch schärferen Batterieverordnung gelegen − aber nur um Chancengleichheit zwischen Verbrennern und den politisch gehypten E-Autos herzustellen. Gerade aber beim CO2-Fußabdruck der angeblich CO2-freien Technik gibt man sich beim grünen Lieblingsspielzeug aber extrem zögerlich. Während man allenthalben eine Netto-Null-CO2-Strategie propagiert, will man erst in frühestens drei Jahren die Höchstgrenzen bei der Batterieherstellung einführen, unter Einbeziehung des technischen Fortschritts − etwas, was sonst niemanden in allen anderen Sektoren interessiert. Immerhin ist mit dieser Verordnung die Lüge der emissionsfreien Batterietechnik vom Tisch, ebenso deren fehlende Kreislauffähigkeit. Batterien sind nämlich eines nicht: nachhaltig.",118,3,3_autoindustrie_synthetische kraftstoffe_elektromobilität_emissionen,"['autoindustrie', 'synthetische kraftstoffe', 'elektromobilität', 'emissionen', 'co2 emissionen', 'sogenannten verkehrswende', 'elektroautos', 'ideologische verkehrswende', 'verbrennungsmotoren', 'fahrzeuge']",0.5119474109690872
463,463,bt,sp19_2632,2020-01-31,Dirk Spaniel,"Ihren Gesetzentwurf kann man auch so interpretieren: Die Regierung will per Gesetz klimaideologisch die Bahn noch stärker bevorzugen, obwohl die Straße mit weitem Abstand den Hauptteil des Personen- und Güterverkehrs in unserem Land abdeckt. Ja, wir brauchen eine deutliche Beschleunigung der Infrastrukturplanung. Was wir jedoch nicht brauchen, ist eine esoterisch basierte klimaneutrale Verkehrswende. Über die Finanzierung von Verkehrsprojekten muss auf Grundlage von Kosten-Nutzen-Kalkulationen entschieden werden. Dort, wo viele Bürger ihre Autos nutzen, braucht es den Ausbau von Straßen",78,3,3_autoindustrie_synthetische kraftstoffe_elektromobilität_emissionen,"['autoindustrie', 'synthetische kraftstoffe', 'elektromobilität', 'emissionen', 'co2 emissionen', 'sogenannten verkehrswende', 'elektroautos', 'ideologische verkehrswende', 'verbrennungsmotoren', 'fahrzeuge']",1.0
1839,2098,ep,eu9_33891,2022-03-24,Markus Buchheit,"Frau Präsidentin! Frau Kollegin Paulus, zu Ihren Worten gerade eben: Wir brauchen eine starke Solarindustrie in Europa. Wozu das geführt hat, das haben wir beim letzten Mal gesehen. Das war ein Milliardengrab. Es hat so nicht funktioniert, wie Sie sich das Ganze vorstellen. Meine Damen und Herren, es gehört schon eine gehörige Portion Dreistigkeit – viele hier im Raum würden sagen Mut – dazu, dass wir hier als besonderes Zeichen besonderer Weitsicht erst ideologische Luftschlösser wie den Grünen Deal aufbauen, nun von der Realität eingeholt werden und dann zurückrudern und diesen ganzen Aktionismus auch wieder als Weitsicht verkaufen wollen. Ein kleines Beispiel: Das Kohlekraftwerk Moorburg bei Hamburg hat uns 3 Milliarden Euro gekostet, wurde 2015 eingeweiht, hat genau fünf Jahre produziert und soll nun wieder stillgelegt werden und ist bestenfalls noch in der Reserve vorhanden.",135,0,0_deutschland_co2_energiewende_kernenergie,"['deutschland', 'co2', 'energiewende', 'kernenergie', 'gas', 'kernkraftwerke', 'kohlekraftwerke', 'emissionen', 'grüne', 'gigawatt']",0.9906776131922976
1529,1788,bt,sp20_21116,2024-07-05,Karsten Hilse,"Frau Präsidentin! Meine Damen und Herren! Liebe Landsleute! Vor allem: Liebe Bergleute! Und natürlich: Werte Leugner des natürlichen Klimawandels! Die Union, die in weiten Teilen des Volkes für hochkorrupt, heuchlerisch und bis auf wenige Ausnahmen für komplett opportunistisch gehalten wird, bringt heute den Antrag ein: „Erfolgsgeschichte Strukturwandel weiterschreiben – Planbarkeit und Verlässlichkeit für die ostdeutschen Strukturwandelregionen sicherstellen“. Zu Heuchlertum, Korruption und Opportunismus kommt nun auch noch Realitätsverweigerung und absolute Ahnungslosigkeit. Ich weiß, es gibt auch wenige Ausnahmen – die fühlen sich bitte nicht angesprochen –: Aber wer wie hier die Union den sogenannten Strukturwandel als „Erfolgsgeschichte“ bezeichnet, ist ein elender Lügner.",105,-1,-1_euro_energiewende_co2_deutschland,"['euro', 'energiewende', 'co2', 'deutschland', 'milliarden euro', 'bürger', 'bundesregierung', 'politik', 'präsidentin', 'klima']",0.0
216,216,bt,sp19_1193,2019-03-20,Wolfgang Wiehle,"Das heißt, Sie streiten weiterhin dafür, dass es im Bereich der Infrastrukturinvestitionen einen Investitionshochlauf sowohl für Straße als auch Schiene gibt, und gegen ein Verständnis einer Verkehrswende, die sich gegen das Automobil richtet?",33,3,3_autoindustrie_synthetische kraftstoffe_elektromobilität_emissionen,"['autoindustrie', 'synthetische kraftstoffe', 'elektromobilität', 'emissionen', 'co2 emissionen', 'sogenannten verkehrswende', 'elektroautos', 'ideologische verkehrswende', 'verbrennungsmotoren', 'fahrzeuge']",1.0
481,481,bt,sp19_2749,2020-03-06,Steffen Kotré,"Der Kohleausstieg ist unsozial. In der Lausitz wird, wirtschaftlich gesehen, das Licht ausgehen, und da helfen auch keine Verlegungen von Ministerien oder sonstigen Behörden oder andere Tropfen auf den heißen Stein. Die Wertschöpfung von 1,4 Milliarden Euro jährlich lässt sich auch langfristig nicht durch die 18 Milliarden Euro Subventionen für diese Region auffangen, die eben auf 20 Jahre verteilt werden. Die sozial schwachen Einkommensbezieher werden also diesen Kohleausstieg entsprechend spüren als das, was es ist: Wegfall von Einkünften und Abbau der sozialen Marktwirtschaft, meine Damen und Herren. Dieser Kohleausstieg reiht sich ein in eine lange Kette wirtschaftlicher Verheerungen: schleichende Schrumpfung des Mittelstandes und der Mittelschicht, Enteignung der Sparer durch die Nullzinspolitik – 400 Milliarden Euro mindestens –, schleichende Zerstörung der Automobilindustrie, die Landwirtschaft im Würgegriff der Umwelthysteriker und Fälscher von Messergebnissen.",131,-1,-1_euro_energiewende_co2_deutschland,"['euro', 'energiewende', 'co2', 'deutschland', 'milliarden euro', 'bürger', 'bundesregierung', 'politik', 'präsidentin', 'klima']",0.0
1925,2184,ep,eu9_51279,2020-11-12,Gunnar Beck,"Im Januar schlug die Kommission ihren Plan zur Finanzierung des Green Deal vor, um bis 2030 eine Treibhausgasemissionenreduzierung von 40 % und bis 2050 eine Klimaneutralität zu erreichen. Für etwas so Komplexes wie den Klimawandel würde es die bequeme runde Zahl von 1 Billion Euro kosten. Das sind tausend Milliarden. Wie passend! Zu diesem Zweck sollte die Hälfte des mehrjährigen europäischen Haushalts, oder über 500 Milliarden, für umweltfreundliche Investitionen verwendet werden. Oder zumindest an zwielichtige Vermarkter, die ihre Projekte in Brüssel als grün verkaufen können. Um diesen Wahnsinn zu finanzieren, braucht die EU eine eigene Haushaltskapazität. Was jetzt nach den EU-Verträgen verboten ist. Das Parlament schlägt sechs neue Steuern vor, die von der EU erhoben und direkt der EU zugerechnet werden. Seit Januar hat sich natürlich viel geändert. Nach der Prognose der Kommission wird das BIP im Jahr 2020 um 7,4 % gesunken sein. Im Euro-Raum fast 8 %.",146,0,0_deutschland_co2_energiewende_kernenergie,"['deutschland', 'co2', 'energiewende', 'kernenergie', 'gas', 'kernkraftwerke', 'kohlekraftwerke', 'emissionen', 'grüne', 'gigawatt']",0.6778243780930638
892,1043,bt,sp20_3408,2022-09-08,Jürgen Pohl,"Wir kommen zurück zu meinem Wahlkreis, dem Kyffhäuserkreis. Er gehört zu den Landkreisen mit den prozentual meisten Berufspendlern in Deutschland. Die Menschen brauchen Arbeit. Zur Arbeit muss mit dem Kfz gefahren werden. Ostdeutschland mit seiner energie- und ölabhängigen Infrastruktur darf nicht das erste Opfer einer gänzlich verfehlten links-grünen Energiewende sein. Da müssen schnell Lösungen gefunden werden. Das Credo der Alternative für Deutschland ist: Arbeit schützt am besten vor Armut. Das ist es. Sehr geehrte Damen und Herren, wir stehen vor einer Rekordarmut, die das Land noch nicht gesehen hat. – Da können Sie dazwischenrufen. – Eine von der Politik vorsätzlich herbeigeführte Energie- und Wirtschaftskrise erfasst breite Bevölkerungsschichten, und die Regierung stolpert den Entwicklungen hinterher. Meine Damen und Herren von den Regierungsparteien, wir brauchen keine halbherzigen Entlastungspakete. Die brauchen wir nicht. Öffnen Sie stattdessen Nord Stream 2.",136,-1,-1_euro_energiewende_co2_deutschland,"['euro', 'energiewende', 'co2', 'deutschland', 'milliarden euro', 'bürger', 'bundesregierung', 'politik', 'präsidentin', 'klima']",0.0
56,56,bt,sp19_285,2018-05-17,Volker Münz,"Die ideologisch motivierte Energiewende entfernt unser Land paradoxerweise von den selbstgesteckten Klimazielen mit einer Renaissance der Braunkohle zur Sicherstellung der Grundlast. Die Strompreise kennen nur einen Weg: steil nach oben. Mit dieser Energiewende gefährden wir den Wirtschaftsstandort Deutschland. Das Erneuerbare-Energien-Gesetz ist Planwirtschaft pur. Es gehört abgeschafft, meine Damen und Herren. Auch das CO 2 -Gebäudesanierungsprogramm gehört zu diesem Irrweg, angetrieben von einer Klimaideologie, die sich zu einem neuen Glaubensbekenntnis entwickelt hat. Insgesamt sollen die Mittel aus dem Haushalt und dem Energie- und Klimafonds 1,7 Milliarden Euro betragen. Der Grenznutzen der Gebäudesanierung geht längst gegen null. Das Verpacken von Altbauten in Styroporplatten ist ökonomisch, ökologisch und bautechnisch höchst zweifelhaft.",108,0,0_deutschland_co2_energiewende_kernenergie,"['deutschland', 'co2', 'energiewende', 'kernenergie', 'gas', 'kernkraftwerke', 'kohlekraftwerke', 'emissionen', 'grüne', 'gigawatt']",1.0
799,950,bt,sp20_1272,2022-11-10, Dr. Dirk Spaniel,"Das Ganze ist deshalb überaus tragisch, weil wir hier in diesem Parlament – also ab der FDP – Parteien haben, die den Verbrennungsmotor tatsächlich erhalten wollen. Wir könnten uns in diesem Parlament entscheiden, den Verbrennungsmotor weiter existieren zu lassen, meinetwegen klimaneutral. Aber leider ist hier eine Fraktion in einer Koalition gebunden, die sich daran beteiligen möchte, die Arbeitsplätze und die Industrie in diesem Land zu vernichten. Ich spreche Sie an, liebe Kollegen von der FDP: Bekennen Sie sich endlich zu Ihrer nationalen Verantwortung, und kämpfen Sie für den Verbrennungsmotor und die Industrie in unserem Land! Ich will noch kurz einige Sätze zu dem Antrag der Union sagen. Ja, wir hätten Ihrem Antrag gerne zugestimmt. Aber leider steht in Ihrem Antrag, dass Sie Unterquoten und andere Quoten für Wasserstoff haben wollen. Das werden wir Ihnen zu einem späteren Zeitpunkt noch einmal erklären. Wir wollen den Wasserstoffweg nicht mitgehen.",147,-1,-1_euro_energiewende_co2_deutschland,"['euro', 'energiewende', 'co2', 'deutschland', 'milliarden euro', 'bürger', 'bundesregierung', 'politik', 'präsidentin', 'klima']",0.0
932,1083,bt,sp20_4283,2022-06-24, Steffen Kotré,"Wenn ich das Gut Energie künstlich verknappe, indem ich die Kapazitäten herunterfahre, nämlich indem ich die Kernenergie zerstöre und die Kohlekraftwerke nach und nach vom Netz nehme, dann ist völlig klar, dass wir hier höhere Preise haben. Dafür sind diejenigen verantwortlich, die dieses Gut verknappen. Stichwort „Klimaerwärmung“: Ich habe auch heute hier bei den Rednern am Rednerpult ständig so etwas wie Hysterie wegen der Klimaerwärmung gespürt. Ja, das Klima erwärmt sich. Aber wir dürfen doch nicht in Hysterie verfallen, sondern wir müssen uns überlegen, wie wir damit umgehen. Wenn wir das tun, dann kommen wir automatisch wieder zur Kernenergie. Das ist doch ganz logisch und liegt auf der Hand. Aber so viel CO2 muss dann vielleicht doch nicht eingespart werden, so schlimm ist das Ganze dann vielleicht doch nicht, da man die Kernenergie hier außen vor lässt. Das ist nicht ganz nachvollziehbar.",144,2,2_klimawandel_klima_klimawandels_wissenschaftler,"['klimawandel', 'klima', 'klimawandels', 'wissenschaftler', 'menschengemacht', 'erwärmung', 'hypothese', 'natürlich', 'millionen jahren', 'klimakatastrophe']",0.6867338550737729
1467,1628,bt,sp20_18472,2024-10-17,Bernd Schattner,"Leider folgen Sie immer noch dem Irrweg, dass Deutschland bis 2045 klimaneutral sein soll. Ganz unabhängig davon, dass das am Weltklima absolut nichts ändern würde, kämen dafür jährliche Kosten von 540 Milliarden Euro auf den Steuerzahler zu bzw. 6 Billionen Euro bis zum Jahr 2045. Diese Zahlen stammen übrigens von der Agora Energiewende, dem Sprachrohr unseres Ministers, der einst Kinderbuchautor war. Die Bürger werden weiter für eine grüne Ideologie verarmen, und diesen Weg gehen Sie heute immer noch mit. Zur Wahrheit gehört dabei aber auch, dass die allermeisten Forderungen, die Sie aufstellen, schon vor Monaten von unserer Fraktion gestellt wurden und von Ihnen dank Brandmauer abgelehnt wurden. Und jetzt frage ich mich: Mit wem wollen Sie eigentlich konservative Wirtschaftspolitik umsetzen? Etwa mit der FDP? Die ist doch in Umfragen schon lange gar nicht mehr messbar. Oder mit den Grünen? Diese Option hat Herr Söder ja zum Glück schon ausgeschlossen.",149,0,0_deutschland_co2_energiewende_kernenergie,"['deutschland', 'co2', 'energiewende', 'kernenergie', 'gas', 'kernkraftwerke', 'kohlekraftwerke', 'emissionen', 'grüne', 'gigawatt']",0.5181508883206688
1293,1444,bt,sp20_12803,2023-06-16, Gerrit Huy,"Das ist wie der Heizungshammer: viel zu kurzfristig und wahrscheinlich auch viel zu unproduktiv. Und alle Bauern sollen obendrein noch Flächen stilllegen. Dabei wird Ackerland schon durch die Energiewende immer knapper. Es wird mit Windrädern und Solaranlagen zugepflastert. Allein in Brandenburg gehen kurzfristig 10 000 Hektar Ackerland durch Solarplantagen verloren. Aber es sind nicht mehr deutsche Bauern, die davon profitieren. Es sind internationale Finanzinvestoren, die sich jetzt auf unser Ackerland stürzen, um mit Energiewendesubventionen aus deutschem Steuergeld prächtige Gewinne für ihre ausländischen Muttergesellschaften einzufahren. Die Bodenpreise in Brandenburg haben sich vervierfacht. Deutsche Landwirte können da schlicht nicht mehr mitbieten. Es reicht offenbar nicht, dass unsere DAX-Unternehmen mehrheitlich dem Ausland gehören. Jetzt sind neben großen Wohnkomplexen auch unsere Ackerflächen dran. Ernährungssicherheit? Auslandsabhängigkeit?",121,-1,-1_euro_energiewende_co2_deutschland,"['euro', 'energiewende', 'co2', 'deutschland', 'milliarden euro', 'bürger', 'bundesregierung', 'politik', 'präsidentin', 'klima']",0.0
1376,1527,bt,sp20_15014,2023-03-30,Andreas Bleck,"Ja, aber bitte nur aus ausländischen Lagerstätten. Das, werte Kolleginnen und Kollegen, ist bigott und heuchlerisch. Ein Nein zu CCS wäre besser. CCS ist ineffizient, teuer und gefährlich. Das Einfangen und Lagern von CO2 kostet viel Energie und verbraucht viele Rohstoffe. Die deutsche Industrie wäre mit CCS gegenüber der ausländischen Industrie ohne CCS ohnehin nicht wettbewerbsfähig. Und überhaupt: Die etablierten Fraktionen müssten sich keine Gedanken über ein Gnadenbrot für die deutsche Industrie machen, wenn sie diese nicht mittels ihrer wirtschaftsfeindlichen Klimaschutzpolitik verhungern lassen würden. Es gibt bessere Alternativen. Deutschland braucht resiliente Meere und Wälder, die auch als CO2-Senken wirken können. Deutschland braucht Kernkraftwerke und synthetische Kraftstoffe. Und Deutschland braucht die Anpassung an den Klimawandel. CCS sowie Windindustrieanlagen in Meeren und Wäldern braucht Deutschland hingegen nicht. Vielen Dank.",127,0,0_deutschland_co2_energiewende_kernenergie,"['deutschland', 'co2', 'energiewende', 'kernenergie', 'gas', 'kernkraftwerke', 'kohlekraftwerke', 'emissionen', 'grüne', 'gigawatt']",0.7237197750595931
1234,1385,bt,sp20_11334,2023-09-08,René Bochmann,"Lieber Kollege Dr. Becker – – Lieber Kollege Köhler – Entschuldigung! –, liebe Kollegen von der FDP, wir sind uns einig darüber, dass dieses Gesetz der Verringerung des CO2-Ausstoßes dienen soll. Jetzt ist für mich die große Frage – darauf hätte ich ganz gerne eine Antwort –: Wenn wir die Dämmstoffe produzieren und auch die Heizungen erst mal bauen müssen, wird dabei CO2 ausgestoßen. Ist das richtig? Wie soll es dann geregelt werden, dass wir in diesem Fall irgendwo CO2 einsparen? Also, die Einsparung bräuchte ein Vielfaches an Jahren, um diesen Effekt überhaupt zu erzielen. Also ist das doch Augenwischerei, was Sie hier durchführen wollen. Danke.",106,-1,-1_euro_energiewende_co2_deutschland,"['euro', 'energiewende', 'co2', 'deutschland', 'milliarden euro', 'bürger', 'bundesregierung', 'politik', 'präsidentin', 'klima']",0.0
1540,1799,bt,sp20_21345,2024-07-04,Jan Wenzel Schmidt,"Während die Scheinopposition unter dem Label „CDU“ das Ganze ernst nimmt und nur nicht bürokratisch genug findet, lehnen wir als echte Opposition diesen Unsinn ab. Immer wieder heißt es bei den etablierten Parteien, dass einfache Lösungen nicht funktionieren. Aber anstatt mit unverständlichen Verordnungen neue bürokratische Hürden zu schaffen, ist die Lösung tatsächlich einfach: Schluss mit Ihren ideologischen Klimaauflagen, die das Bauen teuer machen! Schluss mit Ihrem Bürokratiewahn, der Unternehmer in den Burn-out treibt! Schluss mit Sanktionen, die die Energiepreise ins Unermessliche steigen lassen! Wir brauchen keine Subventionen, wenn das Bauen wieder bezahlbar wird. Weniger Staat bedeutet mehr Wohnraum. Die Zahlen bestätigen es auch: Seitdem die Ampel regiert, wurde versprochen, dass 400 000 Wohnungen im Jahr gebaut werden. Gebaut wurden aber nur 295 000 Wohnungen im Jahr 2022 und 294 000 Wohnungen im Jahr 2023.",136,-1,-1_euro_energiewende_co2_deutschland,"['euro', 'energiewende', 'co2', 'deutschland', 'milliarden euro', 'bürger', 'bundesregierung', 'politik', 'präsidentin', 'klima']",0.0
1267,1418,bt,sp20_11832,2023-07-07,Dr. Alice Weidel,"Sie lassen die Bürger über die wahren Kosten im Unklaren und täuschen sie mit Subventionsversprechungen, die Sie nicht zahlen können. Sie sagen den Menschen auch nicht die Wahrheit über die weiteren Anschläge auf das Volksvermögen, die auf dem Umweg über die EU drohen, übrigens angestoßen von der CDU-Kommissionspräsidentin Ursula von der Leyen. Ein verschärftes GEG, der Sanierungszwang durch die bevorstehende EU-Gebäuderichtlinie und die Einführung des monströsen EU-CO2-Zertifikatehandels im Gebäudesektor bedrohen ganze Bevölkerungsschichten mit Wohlstandsvernichtung und Enteignung. Und hieran sieht man einmal mehr die Doppelstandards und die Heuchelei der CDU. Ein Heizungsgesetz nützt niemandem außer internationalen Investoren und der Wärmepumpenlobby, die auch ohne den Clanchef Graichen hier das Wirtschaftsministerium fest im Griff haben.",112,-1,-1_euro_energiewende_co2_deutschland,"['euro', 'energiewende', 'co2', 'deutschland', 'milliarden euro', 'bürger', 'bundesregierung', 'politik', 'präsidentin', 'klima']",0.0
631,631,bt,sp19_3883,2021-03-03,Dirk Spaniel,"– weil in der Einleitung drinsteht –, dass wir den Klimawandel so nicht anerkennen. Das kann ja wohl nicht Ihr Ernst sein,",22,2,2_klimawandel_klima_klimawandels_wissenschaftler,"['klimawandel', 'klima', 'klimawandels', 'wissenschaftler', 'menschengemacht', 'erwärmung', 'hypothese', 'natürlich', 'millionen jahren', 'klimakatastrophe']",0.7341078184915089
1677,1936,bt,sp20_25998,2025-03-18,Tino Chrupalla,"Ich gebe Ihnen ein kurzes Rechenbeispiel: 1 Billion Euro Schulden, die Sie heute verabschieden wollen – Sonderschulden –, würden bei einem Zinssatz von aktuell 2,9 Prozent in zehn Jahren 100 Milliarden Euro Zinsen bedeuten. 100 Milliarden Euro Zinsen! Auch interessant ist, wie wichtig Ihnen diesmal die Wissenschaft ist. Sind die Ökonomen und die Wirtschaftswissenschaftler eigentlich weniger qualifiziert als die Impfärzte der Coronazeit? Und was ist mit der Klimaneutralität? Dieses strategische Ziel möchte und muss ich gar nicht bewerten. Aber Sie wollen es im Grundgesetz festschreiben und bis 2045 umgesetzt haben. So vermessen ist nicht einmal die EU. Und das soll schon was heißen. Herr Söder meint übrigens, es sei kein Staatsziel, auch wenn es im Grundgesetz verankert ist. Auch das ist eine interessante Lesart des Grundgesetzes. Werte Kollegen, Sie haben den Bogen nun endgültig überspannt.",135,-1,-1_euro_energiewende_co2_deutschland,"['euro', 'energiewende', 'co2', 'deutschland', 'milliarden euro', 'bürger', 'bundesregierung', 'politik', 'präsidentin', 'klima']",0.0
494,494,bt,sp19_2880,2020-05-14,Steffen Kotré,"Das ist eigentlich nichts Neues; genau das Gleiche sehen wir auch in der Energiewende. Vor dem Hintergrund der kommenden Wirtschaftskrise, die aufgrund der falschen Maßnahmen der Bundesregierung auf uns zukommt, können wir uns diese aberwitzigen Klimamaßnahmen gar nicht mehr leisten. So wie Helmut Schmidt 1977 in der Ölkrise sagte, dass wir die Umweltauflagen jetzt mal beiseitelegen, so müssen wir das EEG jetzt mal beiseite- und auf Eis legen. Besser noch: Wir nehmen es einfach vom Markt.",76,-1,-1_euro_energiewende_co2_deutschland,"['euro', 'energiewende', 'co2', 'deutschland', 'milliarden euro', 'bürger', 'bundesregierung', 'politik', 'präsidentin', 'klima']",0.0
694,733,bt,sp19_158,2021-06-10 00:00:00,Rainer Kraft,"Das Gleiche droht übrigens bei den Kohlekraftwerken. Dort haben Sie bereits einen Abgeltungsvertrag vereinbart. Und nun – Sie haben das heute beschlossen – ändern Sie im Nachgang noch die Grenzwerte für diese Kraftwerke mit entsprechenden Investitionsanforderungen an die Betreiber. Na, mal sehen, was die dazu sagen werden. Denn jedes Mal, wenn Ihre Energiewendechampions Wind und Sonne ins Stottern geraten, dann springen französische Kernkraftwerke in die Bresche, um Deutschland und allen voran das grüne Baden-Württemberg vor dem Blackout zu bewahren. Fakt ist – ob Ihnen das gefällt oder nicht –: Global wird auf Kernenergie gesetzt. Nur Kernkraft ist in der Lage, zuverlässig, preiswert und für alle, denen das wichtig ist, CO2-armen Strom zu produzieren. Nur auf diese Art wird es möglich sein, den Herausforderungen durch eine Weltbevölkerung von 8 Milliarden und mehr Menschen gerecht zu werden.",135,-1,-1_euro_energiewende_co2_deutschland,"['euro', 'energiewende', 'co2', 'deutschland', 'milliarden euro', 'bürger', 'bundesregierung', 'politik', 'präsidentin', 'klima']",0.0
1313,1464,bt,sp20_13650,2023-05-12,Marc Bernhard,"Jetzt kommen tatsächlich Sie von der CDU und wollen uns das nächste Märchen von bezahlbarer und klimafreundlicher Wärmeversorgung ohne soziale Kälte erzählen, machen aber praktisch genau das Gleiche wie die Regierung. Sie wollen die CO2-Steuer so stark erhöhen, dass sich die Menschen Öl und Gas überhaupt nicht mehr leisten können, was nichts anderes als ein faktisches Öl- und das Gasheizungsverbot ist. Sie spielen sich hier als Retter der Nation auf, dabei ist Ihr Antrag nichts anderes als der grüne Heizungshammer in Schwarz.",82,-1,-1_euro_energiewende_co2_deutschland,"['euro', 'energiewende', 'co2', 'deutschland', 'milliarden euro', 'bürger', 'bundesregierung', 'politik', 'präsidentin', 'klima']",0.0
1806,2065,ep,eu9_24966,2022-11-09,Sylvia Limmer,"Herr Präsident! Bei den Forderungen des Europäischen Rates zur Energie kann sich jeder mit einem gesunden Menschenverstand Ausgestattete nur wundern. Die Lösungen sollen mehr Energieeinsparungen und noch mehr nicht grundlastfähige erneuerbare Energien sein. Aber genau Letzteres hat uns die Abhängigkeit von billigem russischem Gas erst beschert. Es ist also die eigene irre grüne Ideologie plus Sanktionspolitik plus Energieverknappung und Verteuerung, die zur Energiekrise geführt hat – und genau das Gegenteil bewirkt, nämlich mehr CO2­Emissionen. Nicht weil wir jetzt eine Renaissance der Kohle in der EU erleben. Auch China verfeuert mehr Kohle als der Rest der Welt, auch um uns mit Batterien und Rohstoffen für angeblich emissionsfreie E-Autos zu beliefern. Nicht grüne Flatterenergie, sondern Kernenergie ist die Energie zukünftiger Industrienationen.",119,0,0_deutschland_co2_energiewende_kernenergie,"['deutschland', 'co2', 'energiewende', 'kernenergie', 'gas', 'kernkraftwerke', 'kohlekraftwerke', 'emissionen', 'grüne', 'gigawatt']",0.9649284931644528
1938,2197,ep,eu9_56528,2020-02-10,Markus Buchheit,"Herr Präsident, sehr geehrte Damen und Herren! Bei uns hat sich eine Lobby breitgemacht, und es ist dies die Lobby der blumigen Wohlstandsvernichter mit besonderer Abneigung gegen Großkonzerne, aber dann eben auch mit mittelbaren negativen Folgen gegenüber den kleinen und mittelständischen Unternehmen. Insbesondere unsere grünen Kollegen hier sind der Ansicht, der Staat könne wirtschaftspolitische Probleme durch Eingriffe besser lösen als der Wettbewerb selbst. Das ist allerdings nicht der Fall. Wir wissen auch seit Jahren, wo die Probleme im Bereich der kleinen und mittelständischen Unternehmen liegen, nämlich insbesondere im Bereich der steuerlichen Belastungen und der Bürokratie. Der Green Deal und die CO2—Steuer belasten den Mittelstand in den kommenden Jahren immer mehr. Bürokratie trifft den Mittelstand in stärkerem Maße als die Großindustrie. Der Tagesordnungspunkt ist deswegen völlig verfehlt. Er sollte nicht „Better Regulation“ lauten, sondern „Less Regulation“.",139,-1,-1_euro_energiewende_co2_deutschland,"['euro', 'energiewende', 'co2', 'deutschland', 'milliarden euro', 'bürger', 'bundesregierung', 'politik', 'präsidentin', 'klima']",0.0
1254,1405,bt,sp20_11693,2023-09-05,Karsten Hilse,"Wertes Präsidium! Meine Damen und Herren! Liebe Landsleute! „Alle Parteien der Industriestaaten, ob rechts oder links, werden die CO2-Erderwärmungstheorie übernehmen. Dies ist die einmalige Chance, die Luft zum Atmen zu besteuern. Weil sie damit angeblich die Welt vor dem Hitzetod bewahren, erhalten die Politiker dafür auch noch Beifall. Keine Partei wird dieser Versuchung widerstehen.“ Diese weisen Worte sagte schon 1998 der damalige Herausgeber der berühmten Wissenschaftszeitung „New Scientist“, Nigel Calder, dem ZDF-Journalisten Günter Ederer. Nur in einem Fall irrte er sich; denn die AfD stellt sich klar gegen diesen zur Religion erhobenen Irrsinn. Sechs Jahre zuvor kam es zur Initialzündung dieser zerstörerischen Ideologie durch die UN-Nachhaltigkeitskonferenz in Rio de Janeiro, und nur drei Jahre später wurde durch die verkappte Kommunistin Angela Merkel die erste Klimakonferenz in Berlin eingerichtet.",132,2,2_klimawandel_klima_klimawandels_wissenschaftler,"['klimawandel', 'klima', 'klimawandels', 'wissenschaftler', 'menschengemacht', 'erwärmung', 'hypothese', 'natürlich', 'millionen jahren', 'klimakatastrophe']",0.7182291580913166
470,470,bt,sp19_2678,2020-02-14,Enrico Komning,"Sehr geehrter Herr Präsident! Meine Damen und Herren Kollegen! Schon der erste Satz Ihres Antrages ist falsch. Klimawandel ist Bestandteil jedes Erdzeitalters und keine Katastrophe. Die zentrale politische Herausforderung ist nicht: „Wie bekämpfen wir den Klimawandel?“, sondern: Wie machen wir unser Land fit für die Zukunft, anstatt es weiter systematisch zu zerstören?",54,2,2_klimawandel_klima_klimawandels_wissenschaftler,"['klimawandel', 'klima', 'klimawandels', 'wissenschaftler', 'menschengemacht', 'erwärmung', 'hypothese', 'natürlich', 'millionen jahren', 'klimakatastrophe']",0.7084323549653394
229,229,bt,sp19_1285,2019-04-11,Jürgen Braun,"Wichtige Themen fehlen in diesem Bericht wie die Ursache für die katastrophale humanitäre Krise im Südsudan. Ist es wirklich das Klima, wie der Bericht mehrfach suggeriert? Oder liegt es vielmehr daran, dass die Christen im Südsudan vom Nordsudan verfolgt wurden? Im Süden sind die Christen die größte religiöse Gruppe, weit vor den Moslems. Der Südsudan hat sich vom Nordsudan in einem religiösen Konflikt abgespalten. Bei der Bundesregierung fehlt diese Erklärung der Ursachen. Das heute gestürzte Regime al-Baschir gehörte mit Sicherheit zu den Ursachen. Und dann immer wieder das endlose infantile Gelaber vom Klimawandel: Der Klimawandel: das große grün-linke Ablenkungsmanöver unserer Zeit. Allzu oft wird das Klima als Krisengrund genannt, damit man die Wahrheit nicht aussprechen muss.",116,-1,-1_euro_energiewende_co2_deutschland,"['euro', 'energiewende', 'co2', 'deutschland', 'milliarden euro', 'bürger', 'bundesregierung', 'politik', 'präsidentin', 'klima']",0.0
1185,1336,bt,sp20_10083,2023-10-12,Dr. Marc Jongen,"Und schulden wir nicht dem Klimaflüchtling unseren Wohlstand im Namen globaler und historischer Gerechtigkeit? Das Narrenschiff der sozialistischen Utopie segelt heute unter der Flagge der Nachhaltigkeit. Alle linken Lieblingsideen werden diesem missbrauchten Begriff untergeschoben. So werden Gleichstellungs- und Genderpolitik von unserem Bildungsministerium als „Nachhaltigkeitsmaßnahmen“ eingestuft, und laut Nationalem Aktionsplan Bildung für nachhaltige Entwicklung sollen Studenten zu „Change Agents“ im Dienst der großen Transformation erzogen werden. Nie war Friedrich von Hayeks Warnung vor der verhängnisvollen Wissensanmaßung des Sozialismus aktueller als heute. Jede Planwirtschaft, wusste er, muss scheitern, weil prinzipiell kein ökonomisches Modell der Komplexität der Wirklichkeit gerecht werden kann. Um wie viel mehr muss scheitern und Katastrophen herbeiführen, wer glaubt, das Weltklima regulieren und die totale globale Gerechtigkeit herbeiführen zu können?",124,-1,-1_euro_energiewende_co2_deutschland,"['euro', 'energiewende', 'co2', 'deutschland', 'milliarden euro', 'bürger', 'bundesregierung', 'politik', 'präsidentin', 'klima']",0.0
1715,1974,ep,eu10_113,2024-09-19,Siegbert Frank Droese,"Herr Präsident, verehrte Damen und Herren! Ein früher Europäer, Bischof Augustinus, prägte im vierten Jahrhundert den Satz: Nimm das Recht weg, was ist dann der Staat anderes als eine große Räuberbande? Schaut man sich heute diese EU an, kann man nur sagen: Augustinus war ein weiser, ein voraussehender Mann – Gott hab ihn selig. Das vielgepriesene EU-Recht wird immer mehr, wenn überhaupt, nur noch selektiv angewandt: Die Klimareligion steht über allem, Ökoterroristen werden heiliggesprochen.",74,2,2_klimawandel_klima_klimawandels_wissenschaftler,"['klimawandel', 'klima', 'klimawandels', 'wissenschaftler', 'menschengemacht', 'erwärmung', 'hypothese', 'natürlich', 'millionen jahren', 'klimakatastrophe']",0.6172419643422026
1840,2099,ep,eu9_34401,2022-03-10,Gunnar Beck,"Die bevorzugte Behandlung von Nierenversagen im Endstadium ist die Transplantation. Doch die Wartezeit auf eine postmortale Organspende liegt bei 6 bis 8 Jahren. Die einzige Alternative ist die Dialyse. Daher werden in der EU nur 45 % der Intensivpatienten transplantiert, 55 % sind auf Dialyse angewiesen. Wo können wir Geld einsparen, um Nierenpatienten zu helfen? Hier ein paar Vorschläge: Das Europäische Institut für Gleichstellungsfragen hat ein Budget von fast 8 Millionen Euro, die wir sofort einsparen könnten. Der Asyl-, Migrations- und Integrationsfonds, der Nothilfefonds für Afrika und die Flüchtlingszahlungen an die Türkei kosten uns jährlich rund 5,5 Milliarden Euro, die ebenfalls eingespart werden könnten, wenn wir die Grenzen sicherten. Nebenbei: Die Bundesregierung lässt sich ihre Migrationspolitik mindestens 60 Milliarden Euro pro Jahr kosten, und die Klimarettung und die Energiepolitik kosten die Deutschen allein schon jetzt über 100 Milliarden Euro pro Jahr.",139,-1,-1_euro_energiewende_co2_deutschland,"['euro', 'energiewende', 'co2', 'deutschland', 'milliarden euro', 'bürger', 'bundesregierung', 'politik', 'präsidentin', 'klima']",0.0
1835,2094,ep,eu9_31303,2022-06-06,Gunnar Beck,"Frau Präsidentin! Aufforstung der Erdoberfläche ist laut einer Studie der Technischen Hochschule Zürich die wirksamste Maßnahme zur Klimarettung. Ein Drittel mehr Waldfläche weltweit würde zwei Drittel des industriell erzeugten Kohlenstoffs absorbieren. Deutschland ist mit 32 % Forstfläche auf Platz 21 der EU. Mit 10 Prozentpunkten Aufforstung könnten Deutschland und die EU ihren Beitrag zur Klimarettung leisten. Stattdessen erzwingt die EU die grüne Transformation und Deindustrialisierung. Mit Anteilen von jeweils 2 und 8 % an den weltweiten CO2‑Emissionen ist unser Einfluss auf das Weltklima gleich Null. Das Ergebnis kann daher nicht die Klimarettung, sondern nur das Ende unserer Wettbewerbsfähigkeit sein. Sie wollen dies, denn sonst sprächen Sie hier auch über Aufforstung.",108,-1,-1_euro_energiewende_co2_deutschland,"['euro', 'energiewende', 'co2', 'deutschland', 'milliarden euro', 'bürger', 'bundesregierung', 'politik', 'präsidentin', 'klima']",0.0
1768,2027,ep,eu9_12425,2023-09-12,Sylvia Limmer,"Herr Präsident! Seit Jahrzehnten steigt die Lebenserwartung in ganz Europa stetig an und die Luftqualität war noch nie so gut wie heute. Aber diese Fakten hindern Sie natürlich nicht daran, mit unbelegbaren hunderttausenden frühzeitigen Todesfällen eine Art Luftverschmutzungsmassensterben herbeizureden – als Gipfel der wissenschaftlichen Entblödung sogar noch aufgeschlüsselt nach einzelnen Schadstoffen. Sagen Sie doch einfach, worum es Ihnen tatsächlich geht: um Fahrverbot, faktische Enteignung der Besitzer von Verbrennerautos und staatliche Zwangsmaßnahmen zum Kauf der E-Ladenhüter bis zum endgültigen Ende der individuellen Mobilität. Aber nicht nur im deutschen Bundland kommt der angeblich saubere Strom überwiegend aus Kohle, Gas und Erdöl. Im Übrigen haben Sie schlicht übersehen, dass nur eine wettbewerbsfähige Industrie ihre ideologische Null-Schadstoff-Strategie finanzieren kann. Eine Industrie, der sie gerade mit Fit für 55 völlig sinnbefreit den Garaus machen.",129,-1,-1_euro_energiewende_co2_deutschland,"['euro', 'energiewende', 'co2', 'deutschland', 'milliarden euro', 'bürger', 'bundesregierung', 'politik', 'präsidentin', 'klima']",0.0
860,1011,bt,sp20_2605,2022-09-29, Thomas Seitz,"Spannend wird es bei der inhaltlich selbstverständlichen Forderung, dass ehrenamtliche Richter sich zur freiheitlich-demokratischen Grundordnung bekennen und für ihre Erhaltung eintreten müssen; denn wer diese Voraussetzungen nicht erfüllt, kann seinem Amtseid aus § 45 Absatz 3 des Deutschen Richtergesetzes ohnehin nicht gerecht werden. Konkret wird es auf die Einführung eines Überprüfungsverfahrens hinauslaufen; wir haben es ja vorhin gehört. Oder anders: Alle am Schöffenamt interessierten Bürger stehen dann unter dem Generalverdacht der Verfassungsfeindlichkeit. Wertschätzung für das Ehrenamt sieht anders aus. Aber immerhin hilft es, Klimaterroristen, wie ein Fräulein Neubauer, die das Sprengen von Pipelines öffentlich propagiert hat, vom Richteramt fernzuhalten. In Wahrheit geht es nur um einen Vorwand, um mithilfe eines instrumentalisierten Verfassungsschutzes Kritiker der Regierung und der Zustände in Deutschland weiter zu stigmatisieren und zu entrechten.",126,-1,-1_euro_energiewende_co2_deutschland,"['euro', 'energiewende', 'co2', 'deutschland', 'milliarden euro', 'bürger', 'bundesregierung', 'politik', 'präsidentin', 'klima']",0.0
144,144,bt,sp19_756,2018-11-07,Christian Wirth,"Dennoch: Die doppelte Krise von Kohle und Stahl hat das Saarland ähnlich, aber noch mehr getroffen als Nordrhein-Westfalen. Wenn ich früher mit meinen Eltern über die Grenze gefahren bin, konnte ich, wenn ich die Augen zugemacht habe, am Zustand der Straße erkennen, wann ich von Deutschland nach Frankreich gefahren bin. Heute ist es umgekehrt. Heute lächeln die Franzosen über die Strukturen im Saarland.",63,-1,-1_euro_energiewende_co2_deutschland,"['euro', 'energiewende', 'co2', 'deutschland', 'milliarden euro', 'bürger', 'bundesregierung', 'politik', 'präsidentin', 'klima']",0.0
763,914,bt,sp20_832,2022-11-25,Steffen Kotré,"Sehr geehrte Frau Präsidentin! Sehr geehrte Damen und Herren! Herr Minister Habeck, Sie haben jetzt hier die vollen acht Minuten dafür verwendet, über Probleme zu reden, die ohne Ihre Politik nicht in diesem Maße da wären. Klimahysterie brauchen wir nicht; denn wir haben Zeit, unsere Gesellschaft resilienzfähig gegenüber der Klimaänderung zu machen. Energieverknappung hätten wir nicht, wenn wir Kohle verstromen würden, wenn wir Kernenergie entsprechend ans Netz bringen würden und wenn wir russisches Gas endlich hierher zu uns bekommen würden. Die Energieverknappung wäre dann passé, und die Preise würden sinken, ganz einfach. Und die Inflation wäre nicht so hoch, wenn Sie die EZB auffordern würden, seriöse Geldpolitik zu machen. All das machen Sie nicht. Schade. Das schadet unserem Land. Aber was Sie leider machen, ist, mit dem Finger aufs Ausland zu zeigen, auf die schlimmen Dinge in der Ukraine, ja. Aber das hat nicht die Probleme bei uns verursacht, Herr Minister, nein.",152,-1,-1_euro_energiewende_co2_deutschland,"['euro', 'energiewende', 'co2', 'deutschland', 'milliarden euro', 'bürger', 'bundesregierung', 'politik', 'präsidentin', 'klima']",0.0
95,95,bt,sp19_516,2018-07-04,Alice Weidel,"mit der unbelehrbaren Weiterverfolgung einer gescheiterten Energiewende, die außer den höchsten Strompreisen der westlichen Welt, sinkender Versorgungssicherheit und Ressourcenverschleuderung in jährlich zweistelliger Milliardenhöhe nichts gebracht hat,",26,0,0_deutschland_co2_energiewende_kernenergie,"['deutschland', 'co2', 'energiewende', 'kernenergie', 'gas', 'kernkraftwerke', 'kohlekraftwerke', 'emissionen', 'grüne', 'gigawatt']",0.9218779730723682
208,208,bt,sp19_1133,2019-03-14,Martin Reichardt,"Die „Fridays for Future“-Demonstrationen haben gezeigt, dass die Jugend in Deutschland bereit ist, Verantwortung zu tragen und sich zu engagieren. Aufgabe einer verantwortungsvollen Politik ist es aber, dafür Sorge zu tragen, dass das Engagement der Jugend nicht in die Fänge der grünen Klimasekte gerät, einer Sekte, in der gewissenlose Gurus wie Herr Habeck, Frau Baerbock oder auch Frau Roth unsere Jugend mit irrationalen Klimaängsten für linksextreme Gesellschaftsmodelle gefügig machen wollen.",71,-1,-1_euro_energiewende_co2_deutschland,"['euro', 'energiewende', 'co2', 'deutschland', 'milliarden euro', 'bürger', 'bundesregierung', 'politik', 'präsidentin', 'klima']",0.0
903,1054,bt,sp20_3540,2022-09-06, Peter Boehringer,"Der Experte Professor Vahrenholt spricht es klar aus: Der Ausstieg aus Kernenergie und Kohle funktionierte nur, weil wir im Hintergrund immer mehr russisches Gas zuführten. Das war lange vor dem Ukrainekrieg. Sonst wäre die Energiewende schon vor Jahren gescheitert! ... wenn die Pipelines nicht schnellstmöglich wieder Gas transportieren, sind in Deutschland 6 Millionen Arbeitsplätze gefährdet. Wir sind dabei, unsere Industrie zu zerstören. Wenn Sie Nord Stream 2 und damit unschlagbar günstiges Pipelinegas nicht nutzen, wird genau das passieren. Eine Regierung, die sagt: „Kein Gas aus Russland!“, obwohl just ihre eigene Politik diese Abhängigkeit von Russland herbeigeführt hat – grüne Politik! –, ist entweder weltfremd oder gar vorsätzlich gegen Deutschland gerichtet. – Weil ich hier Zwischenrufe höre: Natürlich ist es grüne Politik gewesen. Es war grüne Politik; denn es war ökonomisch sinnvoll, den Flatterstrom aus den erneuerbaren Energien mit dem einzig Möglichen zu kompensieren.",144,0,0_deutschland_co2_energiewende_kernenergie,"['deutschland', 'co2', 'energiewende', 'kernenergie', 'gas', 'kernkraftwerke', 'kohlekraftwerke', 'emissionen', 'grüne', 'gigawatt']",0.974380172349856
1621,1880,bt,sp20_24218,2024-03-21,Dietmar Friedhoff,"Deswegen sollte es mit Ländern, in denen es Christenverfolgung gibt, grundsätzlich keine Zusammenarbeit geben. Das verstehen wir unter einer wertegeleiteten Entwicklungspolitik. Sie schreiben weiter, dass 100 religiöse Autoritäten durch Aufklärung und Dialog 400 Mädchen vor Genitalverstümmelung in Mali bewahrt haben. Zeitgleich steigt die Anzahl der Mädchen mit Genitalverstümmelung in Deutschland; wenig thematisiert, obwohl sich die Zahl in den letzten Jahren mehr als verdoppelt hat. Auch ein religiöser Konflikt, der von außen nach Deutschland hineingetragen wurde. Welche Projekte wollen Sie denn zukünftig weiter fördern? Die klimaneutralen Moscheen in Marokko zum Beispiel, wo mit deutschen Entwicklungsgeldern Solarpanels auf Moscheen gebaut werden und Energiesparlampen in die Leuchten geschraubt wurden? Der Imam hat dann die Aufgabe, den Gläubigen im religiösen Dialog den Klimawandel zu erklären.",121,-1,-1_euro_energiewende_co2_deutschland,"['euro', 'energiewende', 'co2', 'deutschland', 'milliarden euro', 'bürger', 'bundesregierung', 'politik', 'präsidentin', 'klima']",0.0
1612,1871,bt,sp20_23945,2024-04-10,Dr. Rainer Kraft,"Herr Träger, vergangenes Wochenende mussten die Stromkunden bis zu 56 Euro pro Megawattstunde an Stromentsorgungskosten zahlen, damit die deutsche Stromüberproduktion im Ausland verklappt werden konnte. Überhaupt ist ein Vergleich mit dem Ausland, zum Beispiel mit Frankreich, das Sie ja so gerne kritisieren, Augen öffnend. Deutschland steht vor circa 500 Milliarden Euro Systemintegrationskosten für den massiven Ausbau der Netze. Frankreich braucht diesen Ausbau nicht. Ein Wasserstoffkernnetz für 20 Milliarden Euro wird Frankreich nicht brauchen. 16 Milliarden Euro für Großstromspeicher alle 20 Jahre braucht Frankreich nicht. Und Stromentsorgungskosten für Überschussstrom wird kein französischer Stromkunde jemals bezahlen müssen. Was Frankreich allerdings hat, Herr Träger, das sind Emissionswerte von rund 20 Gramm CO2 pro Kilowattstunde Strom. Ich wage an dieser Stelle eine Prognose: Mit Ihrer Energiepolitik wird Deutschland diesen Wert niemals erreichen.",128,0,0_deutschland_co2_energiewende_kernenergie,"['deutschland', 'co2', 'energiewende', 'kernenergie', 'gas', 'kernkraftwerke', 'kohlekraftwerke', 'emissionen', 'grüne', 'gigawatt']",1.0
1818,2077,ep,eu9_28174,2022-09-13,Markus Buchheit,"Herr Präsident, meine sehr verehrten Damen und Herren, liebe Kollegen! Es ist teilweise schon schockierend zu sehen, wie hier heute an der Lebenswirklichkeit vorbeigeredet wird, auch im vorliegenden Bericht. Wir hatten in den vergangenen zehn Jahren 30 % Preissteigerung bei Elektrizität, 50 % mehr als im vergangenen Jahr. Wir haben Abschlagszahlungen mittlerweile, die 200 bis 600 % höher sind als im letzten Jahr im Energiebereich. Das Problem der Teuerung, das war gerade hervorgebracht durch die fehlgeleitete Energiewende, das war gerade hervorgebracht durch zu viel grüne Energie, die eben unsere Netze belastet, die eben Flatterstrom bedeutet im Endeffekt. Dieses Problem beheben wir jetzt gerade nicht dadurch, dass wir uns für noch mehr grüne Energie einsetzen. Deswegen meine Bitte und Aufforderung an Sie: Es sind nicht die Lobbys der Solarenergiefirmen, es sind nicht die Lobbys der Windenergiefirmen, die Sie hier gewählt haben.",137,0,0_deutschland_co2_energiewende_kernenergie,"['deutschland', 'co2', 'energiewende', 'kernenergie', 'gas', 'kernkraftwerke', 'kohlekraftwerke', 'emissionen', 'grüne', 'gigawatt']",1.0
1826,2085,ep,eu9_30916,2022-06-07,Sylvia Limmer,"Herr Präsident, werte Kollegen! Unverdrossen propagiert man das Märchen von den angeblich emissionsfreien Elektroautos. Und nicht nur nach dem Willen der Kommission soll ab spätestens 2035 der Verbrennungsmotor Geschichte sein. In der verqueren Logik grüner Wohlstandsvernichter ist somit jedes E-Auto – betankt mit Strom generiert aus fossilen Energieträgern – ein Nullemissionsfahrzeug. Man ignoriert nicht nur die Emissionen bei der Betankung, sondern auch den ganz erheblichen CO2‑Rucksack aller Traktionsbatterien, der anfällt bei der Produktion oder dem energieintensiven Recycling. Und woher soll er kommen, der Strom? Man ignoriert, dass jedes Mehr an Strombedarf, auch bei einem massiven Ausbau der volatilen Erneuerbaren, bei gleichzeitig fehlenden Speichern in einer Zunahme von fossilen Energieträgern resultieren muss. Man ignoriert schlicht zukünftige Ressourcenknappheiten. Allein für die EU-PKW-Flotte bräuchte man die 19-fache jährliche Weltproduktion nur bei Kobalt.",129,3,3_autoindustrie_synthetische kraftstoffe_elektromobilität_emissionen,"['autoindustrie', 'synthetische kraftstoffe', 'elektromobilität', 'emissionen', 'co2 emissionen', 'sogenannten verkehrswende', 'elektroautos', 'ideologische verkehrswende', 'verbrennungsmotoren', 'fahrzeuge']",0.5280440805346096
1729,1988,ep,eu10_148,2024-12-18,Anja Arndt,"Herr Präsident! Wenn man ein Haus völlig verändern will, dann reißt man das alte ab und baut ein ganz neues auf. Das Haus Europa wird seit Jahren mutwillig abgerissen. Der Green Deal ist die Abrissbirne. Die Völker der Europäischen Union sind dieser Zerstörung schutzlos ausgeliefert. Wir müssen die Agenda, die dahinter steht, endlich begreifen und diese allgemeingefährliche und auf wissenschaftlichen Lügen basierende Politik sofort beenden.
Warum passiert das? Wer und was steckt dahinter? Was soll hier in Europa nach dem Abriss der Wirtschaft und Landwirtschaft eigentlich neu aufgebaut werden? Die Europäische Kommission rechtfertigt weiterhin ihre Klimapolitik mit schon längst widerlegten wissenschaftlichen Irrtümern. Das ist ein Skandal, liebe Bürger! Sie werden für diese Agenda erst arm gemacht und dann enteignet. Die Behauptung, der Mensch wäre am Klimawandel schuld, ist falsch.",129,-1,-1_euro_energiewende_co2_deutschland,"['euro', 'energiewende', 'co2', 'deutschland', 'milliarden euro', 'bürger', 'bundesregierung', 'politik', 'präsidentin', 'klima']",0.0
476,476,bt,sp19_2726,2020-03-05,Karsten Hilse,"Das in Deutschland angestrebte Programm der Energiewende ist gänzlich utopisch; die grüne Kulturrevolution ist ideologisch geworden. Im Zentrum steht längst nicht mehr das Vermeiden von Umweltschäden, sondern das Propagieren des grünen Weltgeists. Die vielen Windflügel, die Norddeutschland zupflastern, sind doch eher dazu da, der neuen grünen Region ihre Sakralbauten zu geben, als wirklich Energie zu produzieren. Über die fehlenden wissenschaftlichen Grundlagen der lediglich ideologisch getriebenen Energiewende ins Nichts habe ich hier schon mehrmals gesprochen. Darum geht es den grünbemäntelten Neosozialisten auch gar nicht. Sie möchten lediglich erstens, dass sich ihre Lobbyfreunde aus der Solarbranche mit dem Geld der hart arbeitenden Menschen auch weiterhin in viel größerem Ausmaß die Taschen vollstopfen.",110,-1,-1_euro_energiewende_co2_deutschland,"['euro', 'energiewende', 'co2', 'deutschland', 'milliarden euro', 'bürger', 'bundesregierung', 'politik', 'präsidentin', 'klima']",0.0
665,665,bt,sp19_4152,2021-05-07,Rainer Kraft,"Das zeigt Ihr Antrag ziemlich zielgerichtet. Ihre Fraktion will Wissenschaft und Forschung klimaneutral machen. Vorbei also die Zeiten, als Wissenschaft und Forschung nach Artikel 5 Absatz 3 des Grundgesetzes frei waren. Nun stehen sie unter Klimavorbehalt. Aber auch damit ist es offensichtlich vorbei; denn Freiheit steht jetzt unter Klimavorbehalt. Der vorliegende Antrag hat nicht die Absicht, irgendwelche Reduzierungen von Emissionen von gefährlichen Gasen zu erreichen. Nein, es geht um die Herrschaft an den Hochschulen und um das, was dort gelehrt wird. Dabei schreckt die grüne Fraktion nicht vor der typisch grünen Heuchelei zurück. Sie nehmen ein großartiges wissenschaftliches Experiment, nämlich die Polarforschung, und heften sich das ans Revers. Deswegen stelle ich fest: Es ist hier gar nicht die zentrale Botschaft dieses Antrags, Klimaneutralität zu erreichen. Es geht nicht darum, Wissenschaft und Forschung klimaneutral – was auch immer das ist – zu machen.",142,0,0_deutschland_co2_energiewende_kernenergie,"['deutschland', 'co2', 'energiewende', 'kernenergie', 'gas', 'kernkraftwerke', 'kohlekraftwerke', 'emissionen', 'grüne', 'gigawatt']",0.4794526614384308
1390,1541,bt,sp20_15623,2023-03-03, Thomas Ehrhorn,"Genau so wird gearbeitet: über die Köpfe der Bürger hinweg, heute von Ihnen vermutlich als Verschwörungstheorie gebrandmarkt, morgen – das garantiere ich Ihnen – die bittere Realität in unseren Städten. Das alles wird gerechtfertigt durch die Erzählungen einer grünen Klimasekte, durch Thesen, welche von Teilen unserer Bevölkerung nicht einmal mehr hinterfragt werden, weil es die links-grünen Medien immer wieder schaffen, die Tausenden von kritischen Stimmen einfach aus dem politischen Diskurs auszuschließen. Die natürlichen Klimaänderungen wird es derweil aber weiter geben, und zwar mit oder ohne unser Zutun. Wir aber sind dabei, unseren Wohlstand, unsere Lebensqualität und vor allen Dingen unsere Freiheit zu verspielen, meine Damen und Herren. Unsere Vorfahren fuhren mit der Pferdedroschke, wir hatten das Automobil, unsere Kinder und Enkel werden wohl mit dem Lastenfahrrad fahren. Es lebe die Welt des rot-grünen Fortschritts! Vielen Dank.",136,2,2_klimawandel_klima_klimawandels_wissenschaftler,"['klimawandel', 'klima', 'klimawandels', 'wissenschaftler', 'menschengemacht', 'erwärmung', 'hypothese', 'natürlich', 'millionen jahren', 'klimakatastrophe']",0.6561012764157346
1325,1476,bt,sp20_13942,2023-04-28,Dr. Rainer Kraft,"Deutschland ist durch die Abschaltung energetisch unterversorgt und abhängig von Importen aus dem Ausland. Ich habe es angesprochen. Die Folge sind die angesprochenen steigenden Strompreise und ein Verlust der Attraktivität als Standort für energieintensive Industrien. Umsichtige Regierungsvertreter wären ob dieser Entwicklung besorgt. Aber Staatssekretär Graichen im Wirtschaftsministerium nimmt dies nur achselzuckend zur Kenntnis. Er weiß, dass die Unternehmen Deutschland mitsamt Investitionen und Arbeitsplätzen verlassen, aber es ist ihm egal. Das mag im Interesse von Agora Energiewende sein, im Interesse Deutschlands liegt es nicht. Trotz der offensichtlichen wirtschaftlichen Fehlentwicklungen, die aus diesem Ausstieg resultieren, gab es im Ausschuss Kritik an unserem Gesetzentwurf. Ich möchte kurz auf zwei Punkte eingehen: Erstens. Es wurde an unserem Gesetzentwurf kritisiert, dass er bereits eine Regelung für die Nichterfüllung enthält.",124,0,0_deutschland_co2_energiewende_kernenergie,"['deutschland', 'co2', 'energiewende', 'kernenergie', 'gas', 'kernkraftwerke', 'kohlekraftwerke', 'emissionen', 'grüne', 'gigawatt']",1.0
1598,1857,bt,sp20_23624,2024-04-12,Steffen Kotré,"An dieser Stelle einen schönen Gruß an die Genossen von „Correctiv“ oder sonstige Faktenchecker: Sollen sie sich jetzt doch mal an meine Rede setzen und das mal bitte prüfen; ich bitte darum. Sollen die mal meine Argumente hier widerlegen. Ich bin gespannt darauf! Was wir weiterhin sehen und was eigentlich dem Fass den Boden ausschlägt, ist, dass bei der Energiewende die Umwelt der Ampel völlig egal ist. Wir lesen: Die Einführung eines Ziel- und Monitoringsystems für eine umweltverträgliche Energiewende, die der Bundesrechnungshof fordert, ist nicht möglich. Zitat: Es ist allerdings methodisch nicht möglich, die umwelt-, klima- und naturverträgliche Energieversorgung unter Berücksichtigung des gesamten Lebensweges mess- und bilanzierbar zu machen. – Das heißt, Sie wollen gar nicht messen, was für Umweltschäden zum Beispiel die Windenergieanlagen machen, was für Umweltschäden sonst durch die Energiewende gemacht werden.",136,-1,-1_euro_energiewende_co2_deutschland,"['euro', 'energiewende', 'co2', 'deutschland', 'milliarden euro', 'bürger', 'bundesregierung', 'politik', 'präsidentin', 'klima']",0.0
